text,label,predicted_label,predicted_probability
android marshmallow <number> . <number> . <number> won't let me log on the by existing account just keeps saying setting up bbm please fix,negative,negative,0.7206024527549744
map animation stopped working,negative,negative,0.8756052851676941
"good, but slow workflow.",positive,neutral,0.5942342877388
nice app to use with friends,neutral,positive,0.8484475612640381
"i love this app, but i wish they had more outfit selections for maternity. other than that it's pretty awesome.",positive,positive,0.9112085700035095
radar in motion won't work.,negative,negative,0.962095320224762
only opened <number> st <number> th pages of <url>,negative,negative,0.7741051912307739
when i was being rained on it said no rain in your <url> it is still a good weather app.,neutral,neutral,0.5973625183105469
everthing is tought before its use,neutral,negative,0.5986422896385193
good content. worth downloading,neutral,positive,0.8025100827217102
"it's a great and fun app for emoji use, i like the customization. but there needs to be more clothing and style options. i feel like there needs to be styles with clothing and hair, such as punk, goth, rocker, traditional, futuristic, fairy, and many more. other than wanting more styles to choose from this app is great",positive,positive,0.9042230844497681
"wow, this is a terrible app. no open dialog or page goto. i had expected better from an actual adobe app.",negative,negative,0.9684507250785828
i m fed of this <url> has posted it add every where,negative,negative,0.46440690755844116
it is very usefull browser,positive,positive,0.8121906518936157
its a bit slow vs thinking office and also text anti aliasing is bad,neutral,neutral,0.8424533605575562
"it was great for me and the owner was very nice to us.,but the price change when i pay from <number> to <number>",neutral,positive,0.6003438234329224
provide some good <url> the only bad thing about this app is lack of good <url> hope you make it <url>,neutral,positive,0.6993241310119629
problem with saving large photos plz fix ir,neutral,neutral,0.6634037494659424
its a good app but we dont have a night mode option for reading in which the background becomes black and text becomes white in color.,positive,neutral,0.7688853144645691
i hate the new version of bbm,negative,negative,0.9528285264968872
is an interesting app to use.,positive,positive,0.8911013603210449
"used to be great. now lots of issues with network. i keep getting no network errors, as failed to update errors even when signal is great, or i'm connected to my wi-fi at home.",neutral,negative,0.5301592350006104
it always has me in virginia and i live in florida,neutral,positive,0.5898185968399048
it is the very good ape to any one download,positive,positive,0.8355630040168762
not up to the mark,neutral,neutral,0.5843307971954346
useless boring it's of no use now days just like mxit,negative,negative,0.9279652237892151
very easy to use,positive,positive,0.9212504625320435
worst upadate this update dont respond whenever i access my download section so hated it.,negative,negative,0.9691901206970215
i have lots of state that i watch. my home town will not show what it feels like. all the others do. i have tried a few different things and it won't work. don't understand but it is important to me to know how cold it feels out. i can go to hourly and it tells me but should not have to! i'm uninstalling!,neutral,negative,0.6392627358436584
better and more accurate then most other weather apps.,positive,positive,0.9096240997314453
fun!!! just wish i could make one of my bf.,neutral,positive,0.8821024298667908
worthless does not open password protected pdf as stated,negative,negative,0.9072064757347107
shoddy ui and keeps logging me out,negative,negative,0.6834389567375183
"very accurate, which is important! how about a <number> x <number> widget?",positive,positive,0.8131829500198364
i like the set up.,positive,positive,0.8602535128593445
"looks interesting at initial install, however the advertisement photos and the camera lay out are different to my install on a samsung galaxy note <number> . missing too many features compared to the full pc. version, particularly tagging and indexing. camera is not as good as the original camera being on the dark side. a nice app. however adds not enough to warrant keeping. perhaps in the future updates. most notably is missing the side by side photo comparison which was the main reason for installation.",neutral,neutral,0.5883170962333679
nexus <number> and samsung s <number>,positive,neutral,0.48754167556762695
"crashing. app crashes and freezes constantly. on htc one m <number> , and the app is completely broken.",negative,negative,0.9421869516372681
plz provide watermarking <url>,positive,positive,0.709804892539978
u can download all movies in any language at movie <url> it okkk,neutral,neutral,0.7987550497055054
pls add more features for android like iphone features,neutral,positive,0.64142245054245
nice app but when i taking picture with this app i have little problem here the range have limited only <number> - <number> meter even i set focus to infinity still can't get to it. i shoot with pro mode <url> you can fix that it will be <url>,neutral,positive,0.6367186903953552
it's not a web browser. it's an ad browser,negative,negative,0.8882012963294983
a lot of a bug here,negative,negative,0.702799379825592
shame forest starts again every day would be nice to build a huge forest like monthly or so,positive,neutral,0.574962854385376
"this app is so fun! my friends and family love exchanging silly bitmojis in our texts. the only reason why i gave it <number> stars is because i wish there was a way for your to organize the bitmojis, so you can quickly access certain ones instead of having to scroll through them or search. also, the outfits are pretty awful. they need a little more fashion. lol however, the art and creativity in the bitmojis are terrific!",positive,positive,0.8299304842948914
i love it but we need video support!,neutral,positive,0.6919238567352295
the app is is good but,neutral,neutral,0.7428638935089111
it is taking forever to load. never had this issue before. just started a few weeks ago,neutral,neutral,0.582696259021759
map stopped animating over a week ago on my samsung galaxy s <number> . please fix. used to be the <signature>,negative,negative,0.6454321146011353
"it definitely helps me stay focused and off my phone. the one complaint i have is that when i have my phone on silent/vibrate, when i plant a tree my phone goes into standard/sounds on mode. i don't like that at all, i have it on silent for a reason.",positive,positive,0.7565876245498657
one   for doing this nasty ios port,negative,negative,0.7694571018218994
unmounted my sd card,negative,negative,0.9125770330429077
why can i not delete saved locations? and ive read thtough it many times and dont see anyway at all to delte previously saved locations!!? im going to have to uninstall the app and then reinstall it to reset this location deleting issue u have!?!???,neutral,negative,0.8713971972465515
"lacks capability to browse for local file. no goto page option, <number> page documents impossible to read. no 'bookmark' to save <url> apps avail",negative,negative,0.7548543214797974
bbm is easy to use and simple way for chating to my friends and <url> !,neutral,positive,0.9057624936103821
make it better please,positive,neutral,0.5151738524436951
"i liked the game as well as the concept. it would be better if it gave a sort of buzzer when time was up, and if you could add some personalization.",positive,positive,0.8013380169868469
"useful app nice app for opening documents, no adverts,easy to use and doesn't need a lot of experience",positive,positive,0.8669443130493164
easy to book and great choice and information.,positive,positive,0.9369181990623474
never trust earth networks again,negative,negative,0.8763304948806763
what happened to the elite version i paid for?,negative,negative,0.9270276427268982
lots of problems with the map,neutral,neutral,0.6592927575111389
simple and easy to use,positive,positive,0.8909602165222168
"enjoyed the app until the <url> then the ticker quit <url> the pop up ads in the ticker are annoying. when you get all that shut off in settings, it works great!",positive,neutral,0.5007580518722534
radar does not work. will not stay on my home city.,negative,negative,0.9655506014823914
it would be nice if it was in different languages.,neutral,neutral,0.5380334854125977
some tools can be available and improved without having to open an account or sign in each time like with drive but in general is pretty useful and have good features also please create the bin icon instead of the <number> dots and once you choose a file you can't delete only if you go back,positive,positive,0.7461901903152466
"i love it! however, i do a lot of work on my phone and so i would like an option to run the app while using my phone, without it killing a tree!",positive,positive,0.8845049738883972
good app easy to use. the lens correction function doesn't seem to work though. but maybe i am unaware of how it's supposed to work.,positive,positive,0.7686104774475098
there should be feature by which we can see who saw my message in a group and who doesn't. like we have in what's app,positive,neutral,0.6857597231864929
"can we get this to, somehow, plant an actual tree? say, for a certain amount of trees grown succesfully a tree gets planted at some forest in need.",negative,positive,0.5571230053901672
contains alot of ads,positive,neutral,0.5772696137428284
can't search area,negative,negative,0.7761222720146179
good app for team communications,positive,positive,0.8418372869491577
stopped showing up in my status bar,neutral,negative,0.4790048599243164
use it for studying,positive,positive,0.8998183608055115
too much ads i dont want uc news stop showing me ads to download uc news,negative,negative,0.8392434120178223
installed this app on my zt <number> tablet but wont work annoying!,negative,negative,0.8421545624732971
the tree does not die no matter which app i <url> i have tried every setting possible but it doesnot <url>,negative,negative,0.7859858274459839
i love  this app,positive,negative,0.4513064920902252
need to have female and males,neutral,neutral,0.5822843313217163
add tick tick clock sound in it,positive,positive,0.8209868669509888
the radar won't work with samsung galaxy s <number> . so lame,negative,negative,0.9619109630584717
great app. and loads pdf docs faster than many other apps,positive,positive,0.9358503818511963
"fun app! wish i could draw some added details, but fun anyway.",positive,positive,0.7713571190834045
pretty cool app to have.,positive,positive,0.647022008895874
"clumsy auto-import, but great overall",positive,neutral,0.5821330547332764
useless without raw support,negative,negative,0.9529157876968384
tried to use it for my team at work but they just wanted to use the whatsapp groups they currently do which is basically the same thing.,neutral,neutral,0.6010539531707764
i think this a smart browser but opera mini fast then uc but good effort by devolpers,positive,positive,0.6627476811408997
i am facing problem while using it needed to work on user interface its getting slow and hangs sometimes,neutral,neutral,0.6274058222770691
"it's an ok app, compared to whatsapp and line messenger",neutral,neutral,0.7430436611175537
"won't open any .pdf files on my tmo vibrant (bionix <number> . <number> ), useless.",negative,negative,0.969832718372345
can you fix the quality of display picture,positive,neutral,0.5422150492668152
can't move app to sd card,neutral,neutral,0.5821625590324402
good app but more facilities we exprcted,neutral,neutral,0.5170719027519226
app works great. consider changing the red triangular notification to a solid red color in the notification bar in android. on my note <number> it appears as transparent in the notification bar at the top.,positive,positive,0.7824520468711853
plz update it it stick in the loading screen forever,negative,neutral,0.5674934387207031
i like it but i wish there were more things and i wish we could customize shirts and stuff,positive,positive,0.8771815299987793
my messages aren't going through to anyone. please fix immediately.,neutral,negative,0.5726767778396606
"i love it, but i'll select one to use and then it will show the new one sent, but a short time later, it will show that i resent an old one, not the one i just selected.",neutral,positive,0.7407282590866089
my radar has stopped working! i've never had a problem with it until today please fix!,negative,negative,0.944795548915863
working properly for awhile and crashes later on,neutral,neutral,0.6660220623016357
"a well-crafted, simple app",positive,positive,0.9112601280212402
it was okay at the start and got me focussed but my phone's screen timed out and locked and then my tree withered. please fix this,negative,neutral,0.816350519657135
it's pretty useful!,positive,positive,0.795622706413269
why can my friends get the bitmojis with two people but i can't? frustrated.,neutral,neutral,0.6122251749038696
remove obscene quotes and gestures,negative,neutral,0.459474116563797
pretty good. app wish it let you face scan yourself.,positive,positive,0.8582947254180908
very good but crashes often,neutral,positive,0.6200135350227356
"lacking lens correction and blur features, otherwise i'd love it. please consider adding these, otherwise i'll have to use photo mate r <number> , cause while it doesn't have blur feature's it has great lens correction features so i can get my chromatic aberration effect : <number>",positive,neutral,0.5544010400772095
the animation stopped working please fix!,negative,negative,0.9212080240249634
goood one no one can see images unless u do hd,positive,negative,0.6738535165786743
the app lags and consume lots of space.,negative,negative,0.5049492120742798
"great app, using for an <url> but, could it be upgraded with the feature 'desktop mode' ?",positive,positive,0.8125258088111877
it was good before,neutral,neutral,0.6004501581192017
i like the old spark better it was more accurate cuz it told you exactly how many miles away the lightning was now you gotta zoom in on the map just to see in a round about ways of where the lightning <url>,neutral,positive,0.6178654432296753
"i really like it, but for a while now it hasn't been making my tree die when i touch my phone. also, after completing a set amount of time there's another number underneath my tree. i can't figure out what this means.",positive,positive,0.5388798117637634
annoying buttons below the chat text box.,neutral,neutral,0.7128934264183044
i like this app for esuy to watch movie,positive,positive,0.8725658655166626
"aaa please tell me why it doesnt show my cherry blossom <url> i just unlocked it with <number> coins, and i cant find it to grow it. arghh its frustrating.",neutral,negative,0.5363520383834839
needs to save where you last left off thats all it needs <number> stars when it updates,neutral,neutral,0.5782681703567505
the app draws the mobile addict in you and plays with his/her psyche.,positive,positive,0.6288394331932068
it is helpful for fast downloading,positive,positive,0.845004677772522
hard to access emojis/sticker,positive,negative,0.6678341627120972
why this app has become so big? earlier it used to be only <number> mbs now its <number> . please reduce the size. <signature>,neutral,neutral,0.6661807298660278
directions make no sense,negative,negative,0.598950982093811
great app for photography but,neutral,positive,0.8118521571159363
why can't they fix these issues,neutral,negative,0.4743189215660095
not working with whats app,negative,negative,0.8479071259498596
you have to put the search option in the app,positive,negative,0.5742384791374207
"its very usefull, also good <url> !!!",positive,positive,0.8938148617744446
"its good. but the problem is whenever i charge my phone, and the forest app has been running, the moment the charging the moment the tree died. and i do not get a single coin. lol is not my fault that the tree died, but what i got-o coins and a dead tree.",neutral,neutral,0.7913069725036621
tel me what to do,positive,neutral,0.5661814212799072
some websites say i don't have adobe even though i have this loaded.,neutral,neutral,0.4815009832382202
it is easy to find your distination but there is always a less price,neutral,positive,0.6209466457366943
i havent many friends here,positive,neutral,0.5446434020996094
"would like updates on the sun over a <number> hour loop, as well as wind maps, water temps. but one of the <signature>",positive,positive,0.7804529666900635
where are the local adjustments?,positive,neutral,0.6526896953582764
very easy to <url>,neutral,positive,0.9120668172836304
easy to use very good deal.,positive,positive,0.9291970729827881
this app doesnt want to sign me up,neutral,negative,0.962562084197998
always showing install even it has already installed,positive,positive,0.5220345854759216
the zooming feature is slow and consequently difficult to use.,neutral,neutral,0.6965672969818115
great tool for on the go!,positive,positive,0.932868480682373
raw format not supported,neutral,neutral,0.6451031565666199
"it's a cool thing to have, but it won't sync up with the mozilla addon",positive,neutral,0.801348090171814
great app but keeps crashing,neutral,neutral,0.5840823650360107
"bbm is good ,hate the adverts",positive,negative,0.612883448600769
how about a tablet ui?,neutral,neutral,0.6645805835723877
prefer the website more,neutral,neutral,0.6066319942474365
"good design. hope the plant real trees is a true story! also, why the highest ranking people are mostly asian? should expand your customers",positive,positive,0.8536950945854187
"i am not disappointed, but pixlr is still a way better software.",neutral,neutral,0.7310789823532104
"i love playing with bitmojis. the clothes in the personalization could use some updating, though. very little are things i'd ever actually wear. it would also be nice to add friends directly on the app to interact with their own bitmojis outside of snapchat.",positive,positive,0.8998727798461914
i love it. i just wish i could delete images that i find offensive and would never use.,positive,positive,0.8629017472267151
i think in the new update they let you color customize any hair style and let you put cuts in your eyebrows.,positive,positive,0.8843303918838501
automatically resizes with no way to change!!,negative,negative,0.939975380897522
don't like the new update,positive,neutral,0.6385597586631775
i like my bbm now . <signature>,positive,positive,0.8688737154006958
no more trees since update. just shrubs :'(,positive,neutral,0.7198687791824341
would not updated on my phone and i tried like <number> times,negative,negative,0.6369831562042236
"needs more body shapes and sizes, as well as face lines around nose/cheeks",positive,neutral,0.6866573095321655
took away floating head in txt,negative,negative,0.6460687518119812
stopped working on my phone since the last update. will bring rating up when the problem is fixed.,negative,negative,0.8769347667694092
works well. most of my pdf files require me to enter a username and password. this app will not allow me to. any chance of adding that?,neutral,neutral,0.7443867325782776
"it's <url> ,add select area <url> mean make selection by <url>",neutral,positive,0.6648699045181274
app doesn't always work. temp won't show in n status bar. doesn't keep track of moving locations,neutral,negative,0.7545823454856873
i hate this update,negative,negative,0.9612231850624084
new updates are beyond worse,negative,neutral,0.4794822931289673
where is wbug elite i paid for???,negative,negative,0.9532856941223145
make the time lapse between editing each feature shorter,positive,neutral,0.7086796164512634
add one more feature,positive,positive,0.8060035109519958
the app was useful but avg virus scanner said it contains malware so i'm uninstalling to be safe,negative,neutral,0.7536115050315857
i couldn't open it.,negative,negative,0.9463863968849182
i think that uc is very nice,neutral,positive,0.733680784702301
mis the original bbm,negative,negative,0.6655092835426331
new ui tanks usability,negative,positive,0.5901445150375366
this app is so good,positive,positive,0.6031401753425598
doesn't work on my htc droid eris!! can't open pdf attached emails. uninstalling!!,negative,negative,0.9689068794250488
it's very good app for android mobile s,positive,positive,0.8509587049484253
temp is all wrong,neutral,negative,0.9092109799385071
id's easy to use and very helpful,positive,positive,0.905946671962738
"it seems everytime we're about to get severe weather, the app stops working. radar doesn't work, storm tracking doesn't <url> most critical time for something to work is during or before a storm, such as we're supposed to get today. this app works great on bright, sunny <url> 't depend on it if a storm is brewing though. it will quit working on you.",neutral,neutral,0.7474307417869568
i guess its just the world i live in???,negative,neutral,0.6941367983818054
just an idea. when editing/creating my bitmoji i think it'd be neat to have the option to mix and match parts of different outfits together or even change colours of parts.,positive,positive,0.5713621973991394
app is good. no weather forecast is <url> very vague predictions.,positive,neutral,0.7574498057365417
cannot attach pictures to reviews,neutral,neutral,0.7173205018043518
great weather app! easy to use and quick to load. only wish it was easy to find a forecast video on it.,positive,positive,0.9257564544677734
issue on local wifi,neutral,neutral,0.5704638957977295
i dont like this app,negative,negative,0.813004732131958
on the right track,positive,positive,0.5884466171264648
best app for browsing,positive,positive,0.8987863659858704
needs a dark mode for the notification bar. hate the bright white glaring at me.,positive,neutral,0.7934668660163879
"good app, but it doesn't support gif in android",positive,neutral,0.7925843596458435
<salutation> i tried to sign in and i gave my email and password and from u a email also came but what next to <url> tried to click check again and continue but nothing happened,positive,negative,0.8335186839103699
been using for several months now as a communication tool for various members of a nonprofit organization. it's only downfall that i can see are the occasional missed update alert and that there is no notification badge on the icon.,positive,positive,0.7765321135520935
works for what i need,positive,positive,0.8784971237182617
it's saying it's not up to date so i can't view my file. -htc evo,neutral,neutral,0.6018955111503601
when you know how to use it it's pretty fun and useful same with adobe photoshop touch i have a ton of fun with that but you just have to know how to use it or it will not be fun that's why people are reading it for star i read it <number> stars i love it but only because i know how to use it,positive,positive,0.8355993032455444
best app ever ( my opinion),negative,positive,0.8057371377944946
doesn't tie your account to gmail - so every new phone (or reflash) you have to retype <url>,negative,negative,0.778558075428009
great application for team collaboration,positive,positive,0.9365605711936951
"crash easily,make my phone <url> its a great <url> u!",positive,positive,0.5938807129859924
the menu bar above keyboard is annoying,positive,neutral,0.6969950795173645
it's an essential tool.,positive,positive,0.9189429879188538
this bbm doesnt work properly with the samsung notebook <number> . it is always showing limited bbm access. pls fix this,neutral,negative,0.7834910154342651
"unless i open the app, i get no notifications even when my name is mentioned",negative,negative,0.8239562511444092
it's good app but need more apps related chat process,positive,positive,0.6225715279579163
"doesn't open all pdfs. i do a lot of work dealing with architectural plans. this does not render all of the pdfs (some open fine, others open blank).",negative,negative,0.5800482630729675
quick way to book a motel when you need too,neutral,positive,0.8314847946166992
can get out of the app by home button and use your <url> timer runs in the <url>,neutral,neutral,0.6306095123291016
"honestly a joke compared to the desktop version of lightroom. i have one of the most powerful phones in existence and this app can't even scroll without lagging. i reinstalled today, <number> months later to find not only has nothing changed but my trial has expired and i now need to pay to use a laggy gimped version of software i already own.",negative,neutral,0.6309828758239746
better for <url> !!!! you will try <url> !!!!,neutral,neutral,0.5489751696586609
backup feature was awesome,positive,positive,0.5700207948684692
amazing to use this one like superb,positive,positive,0.9237838983535767
i can't post on any website.,neutral,negative,0.8230957984924316
want some other features,neutral,neutral,0.6497741937637329
this app is not user friendly,neutral,negative,0.7475792765617371
force closes <number> / <number> !,negative,negative,0.8517764806747437
what a waste of this apps effort the image meta data are always show false info when export image to gallery,negative,negative,0.9584951996803284
it's a nic app n helpful <url>,positive,positive,0.7814092636108398
how to change time ??,neutral,neutral,0.5509232878684998
it's ok but this new version is not so impressive,neutral,neutral,0.8424176573753357
this is a good movie downloader,positive,positive,0.7730555534362793
want my old avatar can't find it,negative,negative,0.6603888869285583
best of pdf file app,positive,positive,0.8774142265319824
i would have gave <number> stars if y'all had more cute outfits for the girls to wear that is seasonal appropriate,positive,positive,0.6453442573547363
was ok but i can easily use other apps when i press home,negative,neutral,0.8046021461486816
"useless. can't log in using the app at all. deleted and reinstalled several times, still no luck.",negative,negative,0.9681743383407593
"easy to use, but if i plant a tree to grow and then leave the app it doesn't die. don't know if that's a bug in the app, but knowibg it won't die once i exit the app gives me no reason to stay focused",positive,neutral,0.7519317865371704
cuts down on paper usage.,positive,negative,0.615786075592041
<salutation> then dropped it. and now the radar animation doesn't work.,negative,negative,0.9661399722099304
"good idea, but too slow on android. much better on desktop.",negative,neutral,0.7865517139434814
"like everything about it, except that the radar animation is a little clunky.",positive,neutral,0.7711566686630249
it's the king when it comes on downloading from internet i really appreciate it,positive,positive,0.779630720615387
"i'm using uc browser from many years and its was amazing but from the last update i got, it get <url> everytime i open new site, it shows an error everytime. please fix this.",neutral,neutral,0.5163493156433105
cant install this app on my s <number> . error cant install in default location,negative,negative,0.9541893601417542
needs to include precipitation estimates,neutral,neutral,0.7683150172233582
new version is a step back,negative,neutral,0.46129336953163147
great but watch little bug,neutral,positive,0.8276479244232178
i love this app.,positive,negative,0.38601070642471313
"love the idea, and as long as i didn't touch my phone notifications and such didn't ruin my progress. however if i try to exit out of the app (to use whitelisted apps like my calculator) then it 'killed' my trees.",neutral,positive,0.6514884233474731
"my mom found this before i did! i'm <number> and even i like it. lol great for all ages. you can make it look just like you to every detail, many clothes and accessory choices, and when you want to send a text to somebody they basically have everything you might want to say to somebody in a text or to reply back to somebody in a text message. plus cute little emojis of yourself doing things.",positive,positive,0.9259417057037354
ads ads ads everywhere,neutral,negative,0.9264988899230957
has gotten a bit better since last review. i really like the lightning strike display. helps me with my lightning photos,neutral,positive,0.9163244962692261
i really enjoy it,positive,positive,0.8696678280830383
i rely on accurate radar as i work outside everyday on a golf course. the daily and the hourly forecast constantly contradict each other though now and it's hard to figure out what the actual weather will be so i can only really rely on radar.,positive,positive,0.5899824500083923
"i enjoyed it, but the app deleted all of my purchases, such as trees and sounds",neutral,neutral,0.653614342212677
so far it's good,positive,neutral,0.5329391360282898
would like some custom messages when trees are planted,positive,positive,0.6084719896316528
used to be good,negative,negative,0.8133097290992737
make category select bradcast message!,neutral,neutral,0.49804869294166565
causes allot of problems will change dates etc when making a booking. prob better off staying with web page.,negative,neutral,0.634899914264679
reflow feature quirky. can't somehow help feeling suspicious it is bugridden inside.,negative,neutral,0.8137434720993042
i don't <url> i can't understand this appp,neutral,negative,0.8751217126846313
crashes on galaxy s,negative,negative,0.7219340801239014
force closes all the time. from a company with a good to great rep. i had expected better,negative,negative,0.5582056045532227
great <url> ruined with ads,neutral,negative,0.9550920724868774
worst experience at hotel,negative,negative,0.9629999995231628
heating and battery problem,neutral,neutral,0.5300095677375793
fed up with advertisements. oh my gosh. cannot tolerate this application anymore,negative,negative,0.9513173699378967
this is the fastest app searching mode,positive,positive,0.7649326324462891
"nice app for managing ongoing projects, teams, groups.",positive,positive,0.9380717277526855
is not allways up to date with current weather.,positive,neutral,0.7686723470687866
realy superrrr <url> saver app,positive,neutral,0.5846129655838013
<number> day trial? and then creative cloud?,negative,negative,0.8289642333984375
the print button keeps shutting itself down,positive,negative,0.5854511857032776
average performance in download,neutral,neutral,0.6394063234329224
animation on radar stopped,negative,negative,0.8985764384269714
"so far so good. surfing is made enjoyably interesting, thumb ups.",positive,positive,0.8888617753982544
bbm sucks on my galaxy s <number> mini .,negative,negative,0.8994094729423523
what did i download?,negative,negative,0.9024136662483215
my favourite editing apl,positive,positive,0.8457270264625549
so easy to use and appropriate advice,positive,positive,0.9236998558044434
doesn't work properly.,negative,negative,0.9524589776992798
"generally good, sometimes price filter doesn't work well.",positive,positive,0.6006789207458496
love this app pretty accurate,positive,positive,0.8955414891242981
as much as <number> degrees off!,negative,neutral,0.48030734062194824
used to be good,negative,negative,0.8133097290992737
"this app helps me be productive, but since the update, i can't plant the trees i had previously bought.",positive,positive,0.5566231608390808
dell streak:force close sometimes. blank pages sometimes. need bookmark feature and ability to continue from last read page.,neutral,neutral,0.674165666103363
"if your in a hurry, i'd recomed calling, it takes a wile to fill out the information.",neutral,neutral,0.7284315228462219
good but not good as web version,positive,neutral,0.8014199733734131
problems working over wi-fi,negative,neutral,0.6280468106269836
it's ads all the way,negative,negative,0.8102067708969116
no password support <url>,negative,negative,0.6201706528663635
"good, but not perfect",neutral,neutral,0.7973030805587769
i wish it would work offline,positive,neutral,0.5829877853393555
cloud based apps do not work for me. with pathetic network services in our region it becomes frustrating to use. pity. will have to uninstall,negative,negative,0.9579468965530396
"so disappointed with this app! why would you delete an entire account without any warnings? see i'm not mad that you deleted my account because i had iran's ip address, i'm mad because you didn't even bothered to give me a chance to take back up of my files! do you understand how unprofessional this is? so disappointed!",negative,negative,0.9589654803276062
this app is good,positive,positive,0.6562594771385193
"slow, laggy performance. thinkfree office opens my pdfs and allows smooth transitions and zooming.",negative,neutral,0.7280585765838623
since the update the radar doesn't work <url>,negative,negative,0.9133546352386475
"like the app, but could you please remove the external storage permission when i want to take a picture? i don't like granting apps dangerous permissions and i know you don't need it if you use the file provider api. <signature>",negative,neutral,0.633993923664093
there is no print option i can find.,neutral,neutral,0.6769595146179199
<url> the picture size on bbm group is too small sometime not clear. also incoming bbm call is not detected or not showed in galaxy gear s <number>,positive,neutral,0.7194311022758484
got stuck on trying to confirm my booking and i lost the accommodation. after that force crash. uninstall. htc desire,negative,negative,0.956230640411377
please fix the radar,negative,negative,0.5493552684783936
"good adjustment, bad storage",neutral,neutral,0.797781765460968
coming from adobe this is absolute garbage. fails to open pdf files. it was only <number> kb. garbage.,negative,negative,0.969660222530365
after i updated the new bbm version always getting <url> sometime the messages pending without ceklis my friend send in the morning but the messages coming after <number> or <number> hour <url> i saw on the messages the time when he send me a messages and this made my planning <url> should i didn't upgraded <url>,negative,neutral,0.5943475961685181
new update ruined the app,negative,negative,0.9540280103683472
a widget would be nice,positive,neutral,0.6597766876220703
there are ads now?,neutral,negative,0.7407776713371277
difficult when on vacation,positive,neutral,0.7578355073928833
notifications are bonkers. (will give <number> once fixed),negative,neutral,0.4838363826274872
can't add new locations,neutral,neutral,0.8005555272102356
nice tool for inter-team communication,positive,positive,0.9300844073295593
it's download video very fast and all other thing,positive,positive,0.8964741230010986
"veru useful app only when used with its <number> rd-party integrations, yet flock is much better alternative for having more free features.",positive,positive,0.5822723507881165
doesn't <url> i'll go on other apps and the tree still <url> little i inventive to actually stay off the phone,negative,negative,0.6914847493171692
"when ever i update app,it won't work and i lost my all data many times",negative,negative,0.9567922353744507
doesn't work much! where's the <number> version???,negative,negative,0.949910581111908
nice app fast downloading,positive,positive,0.8888739347457886
"the app is great, it's fun and helpful, tho when you click the home button, it doesn't die. you could fix that",positive,positive,0.8015872836112976
"easy to use, always <url> when you book thrue them, they will charge you too much.",neutral,positive,0.9205379486083984
there is no jump to page option so you have to flip through every single page! its a big waste of time.,negative,negative,0.9600793719291687
great and easy to use,positive,positive,0.9233182072639465
"cloud subscription, no <signature>",negative,negative,0.9528721570968628
great app to focus!,positive,positive,0.9092944860458374
pay when you arrive. err no,neutral,negative,0.8713818788528442
great apps for great team,positive,positive,0.9267547726631165
i like the appl because it connect me to a lot of people in my office,positive,positive,0.8765208721160889
can't open my bbm after updated,negative,negative,0.9452614188194275
cannot use for flash <url>,neutral,neutral,0.6396560072898865
won't work with my text messages and have to start a new conversation to use it in messenger,neutral,negative,0.9634218811988831
it crashes every time,positive,negative,0.8143842220306396
great app for group family communication across multiple types of devices and countries,positive,positive,0.9401639103889465
it was great radar sucks now,negative,negative,0.9628043174743652
missing a tablet version,neutral,neutral,0.7441171407699585
the browser is used very fast connecting browser,positive,positive,0.572136402130127
i want a etc wallet that's all i want to invest <url>,negative,neutral,0.47814056277275085
not so much but good,positive,neutral,0.7782586812973022
well the app is kinda <url>,positive,neutral,0.7124305963516235
the program is very slow and can be unresponsive. there is no bookmake setting. pages take a very long time to load even when zooming in and out.,negative,neutral,0.7236679196357727
totally invasive and inappropriate for development. it kept people talking for every detail for hours. kill innovation and efficiency. cannot replace skype so another chat cheater. a waist of time in communication. one good point if you can make your competitors to use it. they will collapse.,negative,negative,0.9534032344818115
i love it. but i think it would be better to add angle correction as well is needed sometimes and i don't like having to use other apps to do this.,neutral,positive,0.8660381436347961
the emoticon not <url> :'(,neutral,neutral,0.6732988953590393
good app. had full version but they took it away. would like it back. radar not working. layers are not working. must be a weather bug.,neutral,neutral,0.7591224312782288
can't import my booking? what's the point of getting this app? anyone?,negative,negative,0.9206651449203491
"the app sometimes gets stuck on a certain temperature and you have to actually click on the app to get the correct temperature to pop up, but at least with this app i can actually get the <number> -day and hourly forecast pages to load which is something i can't get with accuweather. so i guess what i'm saying is it's probably the <signature>",positive,neutral,0.6555644273757935
"great, but occasionally crashes",positive,positive,0.6482164263725281
"crap, takes ages to loads and lags on all docs, standard pdf viewer much better",negative,negative,0.8991047739982605
it stops working frequently,neutral,negative,0.4850153923034668
like it more than most weather apps i've tried. would recommend!,positive,positive,0.8912357091903687
stupid trees. too much green. too cute. memory hog. deleted it.,negative,negative,0.9560989141464233
plz add readout loud feature in application,positive,positive,0.705927848815918
"give error, stuck onopening",negative,negative,0.8491138219833374
the radar map only shows past not current,neutral,negative,0.6454496383666992
"the worst, the most bugged app that i've ever seen in my life! always crashing for no reason!",negative,negative,0.9678283929824829
this does not work with my phone i exited the app for ages and my tree still grew.,negative,negative,0.9646589756011963
the application is too slow. sometimes it just wont select the options.,neutral,neutral,0.8367041945457458
useless doesn't open email attachments on lg optimus,negative,negative,0.9609768390655518
its a very good app,positive,positive,0.8029505014419556
good up to date service,neutral,positive,0.7060921788215637
luv it but u should allow us <number> make more than one character then i'll give u <number>  's,neutral,neutral,0.7754404544830322
"app does what it has to do, but would it be possible to implement a harder way to cancel the growth of your tree? now it takes about <number> seconds. you could make another cancel button which you have to press for <number> minute without releasing it to unlock your phone. gives you time to think if you really need to unlock it. <signature>",neutral,neutral,0.5657702684402466
need full raw hdr for lg v <number> !!!,neutral,neutral,0.6988325119018555
it wont even let me log in!!!,negative,negative,0.9666839838027954
wouldn't search any locations.,negative,negative,0.9182120561599731
new version is not intuitive.,negative,neutral,0.5532804727554321
image previews don't work,positive,negative,0.8412637114524841
"its great, just too many ads",positive,neutral,0.5188211798667908
radar has stopped working,negative,negative,0.9295276999473572
has been treating me well for years,positive,positive,0.8023009896278381
animated radar not working,negative,negative,0.9458950757980347
problems with internet connection s <number> edge,neutral,neutral,0.612617552280426
"another login and account needed, mediocre editing",negative,negative,0.5817781686782837
i need a tab for news language i don't want it to be default for the place i live in my native language may be different. please look into it,positive,neutral,0.6695853471755981
"idea is nice, <url>",neutral,neutral,0.7688331007957458
useless and hang in itself,negative,negative,0.9625189900398254
lagging on nvidia shield tablet,neutral,neutral,0.6298689842224121
less taps &gt; more taps is not always true! this update clutters up the mobile app and looks horrible! bring back the drop down menu.,positive,negative,0.9290586709976196
great mobile app for a great platform,positive,positive,0.9103776812553406
easiest way to keep all my accommodation details with me when i travel.,positive,positive,0.9036070704460144
"there is no way to search or jump to the pages i want. so, in a <number> page document, i have to page down until i get to where i want. very poor!",neutral,negative,0.967843770980835
crashes on z <number> compact,neutral,negative,0.6113563179969788
"can't delete any of the pdf files! someone ,help mytouch <number> g",neutral,neutral,0.5285809636116028
somethings wrong with this app,positive,negative,0.7404018044471741
well organized app. offers better deals than the hotel itself.,positive,positive,0.9337325096130371
faster than other app,positive,positive,0.6541071534156799
"decent, but needs ability to define custom notification sound. the built-in ones are too quiet and the 'device default' is too general.",positive,neutral,0.7074021697044373
"if you have difficulties staying focussed, then this is definitely the app for you. as trivial as it sounds, there's a real sense of satisfaction in seeing your forest grow the more time you log. the only thing i would say which could be added is social email support or facebook integration, which i believe is already a feature on the ios version. some of my friends are using it too, and seeing their forests grow (perhaps even on some kind of map next to mine?) would add an element of healthy competition!",positive,neutral,0.6267310380935669
would be better with out ads,positive,neutral,0.6678838729858398
<number> star 'coz why we have to request hd quality picture first? oh <url> nobody need bad quality picture. washing <url> another chat app more better !!,neutral,negative,0.6223552227020264
"my screen goes off, but when i unlock my phone, my tree dies. makes the app pointless as it forces me to keep the screen on which is distracting. great concept though.",neutral,neutral,0.7563560009002686
it will be better if the apps allow users to listen music while studying or doing their things,positive,neutral,0.5076888203620911
the app is free on android but why can't i use my new unlocked tree?!,negative,neutral,0.5852333903312683
"not ideal, but better than a few other ""freeware"" options there with lots of adds or crappy ui.",positive,neutral,0.840630829334259
add break or pause option plz,positive,positive,0.5325804352760315
good effort <url> try to send correct notification of the news or story.,positive,positive,0.8472276926040649
doesn't work keeps saying bad internet connection but all other apps work.,negative,negative,0.6964048743247986
did not install this app. all i did was update my phone and it was there and i can delete it! very annoying!!!,negative,negative,0.948017954826355
last updates causing problems.,neutral,neutral,0.5425896644592285
"stupid app many many ads ,don't download this app",negative,negative,0.9698986411094666
too much buz for nothing so special.,negative,neutral,0.6555103063583374
simple but effective app to end smartphone addiction,positive,positive,0.7438108325004578
technology at its <signature>,positive,positive,0.8052191734313965
"editing is all about precision, of which this isn't good at. trying to crop is like throwing stones at a picture frame on a wall and hoping it sticks. when you get it you accidently press another button and all the work is <url> still needs some refining",neutral,neutral,0.7465523481369019
used to love <url>,neutral,negative,0.6807533502578735
bbm is really gud,positive,positive,0.5075448155403137
still a good app,neutral,neutral,0.5031214356422424
"looks nice but the live radar always zooms in to close, i like to see the entire area around my location.",positive,positive,0.8122451305389404
creeping permissions. no <signature>,negative,negative,0.9427253007888794
don't expect to be productive on the tube,negative,neutral,0.5068702101707458
huge apo. does not have move to sd card. standard reader v. good. uninstalling.,negative,negative,0.9413022398948669
too many push and price not clear,neutral,negative,0.5648028254508972
great app but updated the app but the bug is still there where the animation plays without accessing the app so you have to tap screen to gain access to home screen. that bug has been there forever please fix!,neutral,neutral,0.6847930550575256
like it but need better notification settings,positive,positive,0.6598622798919678
being a motorcycling enthusiast i like to know where the rain is and what direction it's heading.,positive,positive,0.9094077348709106
radar no longer works,negative,negative,0.9623439908027649
why i cannot play my download video?,neutral,negative,0.49187031388282776
as an alternative in contacting people,positive,positive,0.7509182691574097
crashes all the time tells you there is no memory even on sd card. won't let you use if you decline push notifications,negative,negative,0.9362635016441345
what's the point?,negative,negative,0.9128463864326477
"i used to really love this browser but now it's just annoying .when i download files sometimes it tells me ""file doesn't exist"" and i have to redownload ,plus it lags .",negative,neutral,0.6765186190605164
its good but i think it should add like fortnite emojis or other characters,positive,positive,0.6053449511528015
its good but now a days it slow,neutral,neutral,0.5680677890777588
"the emojis you can make out of it are great! however, it would be nice to implement the character doing different kinds of sports. also the app didn't have my face shape, hairstyle, and the mouth was too big for me. basically i had to go with what i could find that looked the most like me, and a bunch of people still thought that the bitmoji looked nothing like me. something else i'd like to add is that maybe for the female character, put some outfits that are t-shirts and moderate shorts, not just short shorts. i couldn't find my usual attire because of that. overall, my bitmoji only looks a bit like me so if you guys can change the face, costumes, and facial features to let more people have an accurate character, it'd be great. <signature>",positive,positive,0.7680622339248657
throw this app to garbage,negative,negative,0.9583302736282349
very nice and helpful <url> luving <url>,positive,positive,0.886195719242096
it will be better if there will be option to archive a chat,positive,neutral,0.6092129945755005
requesting to build a bigger forest!,positive,negative,0.45556315779685974
stop the stupid ads,negative,negative,0.6616917848587036
spark lightening no longer working,neutral,negative,0.776126503944397
"slowly slowly you are making it worst app but it's your app you can do anything after all you are communist. see i don't like your inbuilt pdf viewer,video viewer app so allow user to use apps like adobe pdf reader and mx <url> and the new problem is the facebook video is not working <url> earlier i have given <number> star rating but now you are decreasing quality <url>",negative,negative,0.7334797382354736
doesn't export my photos most of the time,neutral,negative,0.6570389270782471
still need to improve,positive,neutral,0.5938467979431152
no philippine peso currency?,neutral,negative,0.5447088479995728
"i downloaded this app specifically to merge photos together on my backpacking adventures whilst eliminating the need for a laptop. sadly, it does not have the function to merge photos for panoramic or hdr.",neutral,neutral,0.5336524248123169
"pretty effective but i just noticed it doesn't pick up the usage of one of my most distracting apps (bacon reader for reddit). i was on it and thought oh no my tree! opened up to find it wasn't triggered. double checked my white list etc, everything was proper. if it doesn't block that it becomes pretty useless in my eyes",positive,neutral,0.5011966824531555
"awesome app. it would be sooo useful to have one button access to the lastest posts accross all channels and all workgroups, i find im spending much time digging around for the latest posts.",positive,positive,0.897331714630127
its good and so easy to use,positive,positive,0.7465891242027283
this isn't as good as it's siblings,negative,neutral,0.7409032583236694
app is good service,neutral,neutral,0.5035004019737244
app thinks i am a man :'),negative,neutral,0.5766032338142395
will not work correctly. i tryed to set the map in motion and it will not move!,negative,negative,0.9631681442260742
super cute but kind of difficult to use on the spot.,positive,positive,0.5806623697280884
"nice, but couldn't find night mode.",positive,neutral,0.665793776512146
"insanely unreliable - wont let me accept invites to other workspaces nor will this application even show me the invite - login inconsistency, i can auto-login with the app but when i type my password in non-app login screens it wont work. its the same password i use for other applications and i successfully login each time.",negative,negative,0.8744112849235535
cant search without creating an account! they need your email so the can sell it to spammers! unistall!,negative,negative,0.9660261869430542
only good not <signature>,neutral,neutral,0.7500431537628174
it is a waste app and waste of time. it is only useful for downloading the movies,positive,negative,0.9626097679138184
it's fast and i can always use it to download,positive,positive,0.9055769443511963
have to use and see,neutral,neutral,0.44101300835609436
good but some issues,positive,positive,0.6320921778678894
plz see sex movies it's nice in this,neutral,positive,0.49216869473457336
wont open. it always crashes and my phone reports it having multiple errors in <number> week,negative,negative,0.9584655165672302
fcs on a <number> page pdf. really?! even on my stock evo that's awesome? this reminds me of flash player on my laptop- always causing problems. adobe = crap,negative,negative,0.6866583824157715
"the worst app ever can't download a single <url> my downloads have been ""unsuccessful""",negative,negative,0.9690272212028503
needs text search and in-document link support.,neutral,neutral,0.6916437149047852
it's a great app. love it and good job,neutral,positive,0.9246789813041687
"sometimes wonky when on wifi, but that could be internet connection issue. also wants to have high accuracy location on which will drain your phone quickly.",neutral,neutral,0.7712758779525757
why am i now seeing ads? lame!,negative,negative,0.9584088921546936
you had one job,positive,negative,0.7774313688278198
"it would be nice if there was an option to record voice messages.    nuisance: when i press 'backwards' in my android, i am thrown out of the app, instead of going backwards to the messages list.    nuisance: i don't see a list of last messaged people in chronological order but randomly. this drives me <url>",neutral,neutral,0.7471266388893127
not replacement for the desktop app,neutral,neutral,0.6546818017959595
great app to communicate with family and friends.,positive,positive,0.9379044771194458
best chat application ever,neutral,positive,0.8981145620346069
good app bt needs new features,neutral,neutral,0.5574419498443604
it requires access permission n i dont know from where to turn on so can u plz tell m!!,neutral,negative,0.9097201824188232
uffff!!!! plzz don't downloaded this,negative,negative,0.9337119460105896
good <url> lacks some essential features,positive,neutral,0.6980908513069153
"the app is ok but the camera should no have any sound when you take photos, that problem is quite annoying",neutral,neutral,0.8606017231941223
installation corrupts gmail db on n <number> android <number> . <number>,negative,negative,0.8912367224693298
i think it's a great start app!,positive,positive,0.7986860871315002
radar has been freezing and not moving for last month. deleted it after all this time. pos!!!,negative,negative,0.9643090963363647
ok till it goes wrong,neutral,neutral,0.7967798113822937
i rely on weatherbug every day.,positive,positive,0.8900535702705383
"love this app, especially the lightening strike tracker.",positive,positive,0.9295364022254944
there's still more to it.,positive,neutral,0.6621038913726807
very basic and subscription based,negative,negative,0.7428737282752991
no words great app,positive,negative,0.635625958442688
"im not use as well, i think it is bad application, i dont like.",negative,negative,0.7667123079299927
keeps saying photos not found whwn trying to send/ attach to people. using a note <number> <url> its not <url> it <url> pwrfect for what application i needed it for. will try again when i get new phone in a couple weeks.,negative,negative,0.7696924805641174
helpful for book reading,positive,positive,0.9055458307266235
sometimes slow but yet efficient.,positive,positive,0.7235034704208374
for some reason the keyboard doesn't work on my phone. and i can't do couple's bitmojis with my wife. but it's fun to use with her anyhow,positive,positive,0.6943085193634033
make anoying bc different ring with chat ring,neutral,positive,0.7399598360061646
"please make the browser application sync-able with android phones. i was able to sync a few days ago, but now it only syncs with an ios account.",positive,neutral,0.7226690649986267
great app. would have been a <number> if avatar could be edited,neutral,positive,0.8166401982307434
poor cousin to the desktop app,neutral,negative,0.8364756107330322
i get notification for update but i can't update my bbm. please fix it.,neutral,neutral,0.6873063445091248
it wont let me download its saying it is but not getting it,negative,negative,0.9504905939102173
force closed zenfone <number>,negative,negative,0.8918574452400208
cloud service only idea bites,negative,neutral,0.531803548336029
i can't sign <url> :'(,neutral,negative,0.6980628967285156
horrible for one reason,negative,negative,0.9487131237983704
<salutation> opening unwanted liks,negative,negative,0.5683454871177673
won't let me end chat,negative,negative,0.8230637907981873
"nice, but flow could be better.",positive,positive,0.5028004050254822
it just froze up a few days <url> doesn't work at all when i click on it,negative,negative,0.9063927531242371
the news which displays on the welcome page is very annoying and vulgar have to be very careful when giving it to the children's at home to surf the internet and we had to use other browser in front of others as your front page containt all the vulgarity in news most of the people don't know how to disable news. the option should be visible on the front screen itself,negative,negative,0.540613055229187
seems impossible to make a review,neutral,neutral,0.6462588906288147
reflow doesn't let you move from what's on the screen. no option to go to specific pages directly (really? scroll through a <number> + page book everytime?),neutral,neutral,0.5476462244987488
low score due to the lack of a dark theme/night mode in <number> !,neutral,negative,0.7187605500221252
"no floating head, why",negative,neutral,0.5187717080116272
bad on sms blocking,neutral,negative,0.9006853699684143
hated the new update,negative,negative,0.9545215964317322
i find it a bit odd that the app doesn't automatically open a file. i have to go to the app and open the file from there.,positive,neutral,0.7956798672676086
the weather people are always wrong they suck,negative,negative,0.47362053394317627
"no ""go to page"" feature? really?",neutral,negative,0.6436440944671631
caused ipad safari to stop working,negative,negative,0.8567017912864685
it's a good app to communicate with team instantly,positive,positive,0.8649488091468811
garbage. worthless app. i hope someone comes up with one better and more organized for people use. makes no sense. cant navigate. not worth the headache.,negative,negative,0.9683529138565063
good but seems to be a battery drainer on lollipop,neutral,neutral,0.6686594486236572
like the funny <url>,positive,positive,0.607011616230011
"useless app, doesn't work as described",negative,negative,0.9659676551818848
pdf viewer works much smoother and loads faster,negative,positive,0.5261006355285645
awesome app with awful ux,neutral,neutral,0.49553757905960083
<salutation> why most of the time. when i finish downloading video and going to play it. it says failed to open its not like this before using old version.,negative,neutral,0.472927063703537
couldn't get edited photos out of lightroom!,negative,negative,0.8506475687026978
the update sucks!!! i lost all the trees i previously unlocked.,negative,negative,0.9616595506668091
the cancellations are confusing and the will double charge,neutral,neutral,0.7173607349395752
"great, but eset is going off",positive,positive,0.5528042912483215
it is too slow app.,negative,negative,0.5232507586479187
good & need more development options,neutral,positive,0.7012530565261841
browsing fast but before download its doing re direct and suggest an other app.,positive,neutral,0.7291630506515503
please fix as soon as <url> cannot send message n dont have received feeds,negative,negative,0.5489672422409058
too many ads dude,negative,negative,0.5962238907814026
through this app i get amazing deals,positive,positive,0.9056484699249268
very helpful & useful for media <url>,positive,positive,0.9216736555099487
very helpful the apps,positive,positive,0.9176508784294128
update screwed the app over,negative,negative,0.9515069723129272
i love the variety of fashion styles this app offers. really digging on the poses & emotion statements. emoji id me. a ok,positive,positive,0.9216908812522888
except advertising everything is fine,positive,neutral,0.6514044404029846
does what it's meant to do,positive,neutral,0.5133262276649475
it's bad browsing with opera,positive,negative,0.49808990955352783
storm warnings are behind. weather warnings just seams to be behind,neutral,neutral,0.6316296458244324
not really but they had an annoying notification getting me to rate the app so,negative,neutral,0.7876747846603394
was better before they started messing with it. but still a bit of silly fun,neutral,neutral,0.73744136095047
can no longer save locations.,neutral,negative,0.7848055958747864
"i use to like this app. but now the radar animation don't work,and i use to like that. i see it doesn't work for other people either sence the upgrade.",negative,negative,0.7270194888114929
it works but thats it,neutral,neutral,0.6812571883201599
"next update have any problems after i'm updates its say bbm not responding, and refresh page is take a long time, maybe <number> minutes, why the hell??",neutral,neutral,0.6035263538360596
"just downloaded it, and haven't had the chance to use it much.",positive,negative,0.8217858076095581
inferior to the ios version.,neutral,negative,0.4822615087032318
"this app just simply doesnt care if i have allowed the data access or not. despite completely stopping the access to mobile data and wifi, it still runs in the background, connects with the internet and receives the texts. extremely intrusive and not something to have installed on your phone. if this is how it behaves, then it can't be trusted. uninstalled.",negative,negative,0.9572336673736572
quick booking. many options.,positive,positive,0.9048833250999451
can't jump to pages. up arrow disappears. at least make it optional for up arrow to stay visible all the time. just plain out aggregating to use.,negative,neutral,0.6159303784370422
very lag and make my phone so slow,negative,neutral,0.5524110794067383
useful and stable application <signature>,positive,positive,0.9116503596305847
overall a good app fast downloading and <signature>,positive,positive,0.8958020210266113
good place to work in groups,positive,positive,0.7662679553031921
good application. but needs some improvement,positive,positive,0.7094038128852844
good app but to much fake news and add,negative,positive,0.7248858213424683
cool idea with severe (ironic) bug,positive,neutral,0.7481740117073059
this app are clearing all data,neutral,negative,0.9395200610160828
good for a waytomake moneyon the side,neutral,neutral,0.557089626789093
it is very nice app,neutral,positive,0.7807039618492126
"best editing software. ui is easy , but please remove the trial",positive,positive,0.6218421459197998
not visible in app tray!,positive,negative,0.6489139199256897
the only thing i would do different is make this available on facebook i can't access it for my posts. had to uninstall and reinstall as it stopped working.,neutral,negative,0.7407373785972595
"would have been a perfect app excet for the fact that you cant insert the icon into your current text, but have to start a new one(text) <url> , and with every icon!",neutral,positive,0.6103039383888245
some issues in confirming the booking.,neutral,neutral,0.5188478827476501
pls also cover news of intl. importance,neutral,positive,0.7741671800613403
very easy to navigate,positive,positive,0.9227921366691589
won't stop shutting down. reported several times,negative,negative,0.8938658237457275
easy and very helpful,positive,positive,0.9228082299232483
"there is a problem, at least in this version, each time i try to view an already downloaded city guide while i'm online, always displays the search page for hotels <url>",neutral,neutral,0.7681611180305481
i am just downloading the app after completion i'll increase or decrease the rating based on the app performance,neutral,negative,0.6381193995475769
"notif now okay, ads still not ok",positive,negative,0.6448689699172974
"great app, too bad i'm on android.",positive,positive,0.7763882279396057
"it's is very effective app , but it takes too much time in opening",neutral,positive,0.5078514218330383
same bad it is good for search and for download but it is no to much good when i open uc browser on it home sreen or default and not save language option for my side not good,neutral,neutral,0.730082631111145
not good for me,negative,negative,0.6739022135734558
it's good for few days later it is not working well,neutral,neutral,0.7045856714248657
"keeps crashing. really looked fwd to checking it out, but crashes all the time. the few times it worked the timer got messed <url> work it out!",neutral,negative,0.8109616041183472
the worst - yet the only <url> ckck,negative,negative,0.9523223042488098
i love this app!it really helped me! devs keep on fixing and constantly improving on the app. worth any all in app purchases (which are very cheap btw). just missing a widget! &lt;/ <number>,negative,positive,0.8667724132537842
my bbm very slow .. what happen ??,negative,negative,0.6525967717170715
i like booking in my computer,neutral,positive,0.7284046411514282
i like this app,positive,positive,0.7259867191314697
can't do or find anything on the app,negative,negative,0.8135135173797607
why open raw files ?,positive,neutral,0.5875586271286011
"all but useless in europe. slow to update and most features just don't work here at all. added a daily weather report, great! oh wait, it describes only one <url>",negative,negative,0.7372783422470093
something very wrong with the app,negative,negative,0.8988162279129028
iterate this app more then ads,negative,neutral,0.5607055425643921
old seen should not repeat please,neutral,negative,0.4637090861797333
great app for traveling,positive,positive,0.9200066924095154
was so great <url> but <url>,negative,neutral,0.6591808199882507
it's a nice app,positive,positive,0.7306211590766907
i love this service,positive,positive,0.3842315971851349
larry delaney like it,neutral,positive,0.6919739842414856
not working with google messenger,neutral,negative,0.9053856134414673
"i am enjoying the app very much, it was recommended by my nephew and it is everything that he said it would be!!",positive,positive,0.9134063720703125
really only works with small documents and even then runs into freezes on motorola droid. no page jump which for books is necessary,negative,neutral,0.6955773234367371
"i used to really love this app until it started killing my trees just for receiving a notification that i hadn't opened yet. advanced detection is not on. may as well turn the phone off, but i use it for music.",negative,neutral,0.6639614105224609
crashes immediately after startup - can't use it!,negative,negative,0.9636606574058533
can't login to bbm,negative,negative,0.8528871536254883
an very much useful application,positive,positive,0.8804206848144531
works great except a few things,positive,positive,0.7917338609695435
"<salutation> awful interface lacking any true customisation, yet another chat app that brings nothing new to the table and steals ideas from discord, an exercise in reinventing the wheel which hasn't been updated in years and crashes all the time. also i wouldn't trust this app if you value your privacy. avoid like the plague.",negative,negative,0.9476768374443054
good for editing bad for storage,neutral,neutral,0.6046223640441895
"it's <url> only downside is can't make just any emotion, but overall great",positive,positive,0.7886919379234314
used to work . please fix,negative,negative,0.8523955345153809
it would be great if there's a feature where i can sort my files in folders because it is irritating to find a certain file in my sea of different subjects.,positive,neutral,0.49552032351493835
one thing that uc devs definitely do is to remove ads and news <url> page is annoying if we want to read then will go in news site,negative,neutral,0.6270129680633545
nice to be back,positive,positive,0.6520857214927673
"in all, we have to check this.",neutral,positive,0.7117334008216858
freezes on some files,neutral,neutral,0.6182771921157837
cannot save progress without spending money.,negative,negative,0.6458962559700012
greatly helpful. i like it,positive,positive,0.9381957650184631
can't even spell sydney right,negative,negative,0.893608033657074
can't even create an account,negative,negative,0.9588487148284912
nice app but you put extra features in this app but app is good,neutral,positive,0.6859681010246277
"good, but better without all those ads like other free messengers such as whatsapp, telegram, etc",neutral,neutral,0.6280381679534912
wow. useless. hated it. <number> stars. (if i <url> ),negative,negative,0.9687743186950684
"bloated, glorified chat. i use it because my company obliges me to do so.",negative,neutral,0.47555598616600037
it dors ansolutely nothing. wastef my time!,negative,negative,0.9603861570358276
superb editing in this,neutral,positive,0.8926132321357727
"generally very good & helpful, with some good prices. free cancellation option is extremely useful.",positive,positive,0.9236173033714294
"the ""i'm listening to"" <url>",positive,positive,0.4993174970149994
"solid app, but lacking in the tablet ux area",positive,neutral,0.7724287509918213
let people to create more characters,neutral,positive,0.5803606510162354
app is good brower is so fast but news section in uc brower is the worst thing in the world,neutral,neutral,0.6621763706207275
"it is good easy to use , but why i have to download opera browser to download any videos from uc browser please fix this problem .",neutral,neutral,0.5804112553596497
it worked better before the <url> anything posted is hard to see and get to.,neutral,neutral,0.5416504144668579
can't apply for instagram. please updated,neutral,negative,0.8244158625602722
image size goes from <number> mb to <number> kb else fine.,neutral,neutral,0.7701853513717651
please enable apps <number> sd immediately. <signature>,negative,negative,0.45456376671791077
like the app but the don't update rainfall very often.,positive,neutral,0.5512699484825134
i liked <url> the size of this app is <url> is better,positive,positive,0.7044946551322937
this app is extremely bloated. for the functionality provided it should fit within <number> mb without issues.,negative,negative,0.501107931137085
half assed. uninstall! droid ally,negative,negative,0.9673471450805664
quite nice - would be useful to edit posts from mobile,positive,positive,0.7844367623329163
app <number> f. temp <number> f,negative,negative,0.6492093205451965
too many update it's annoying,neutral,neutral,0.6196175813674927
not responding to phone calls or emails. no customer service at all.,negative,negative,0.9555848240852356
thanks for fixing the problem,negative,positive,0.8012875318527222
room rate at times is misleading subject to additional charges,neutral,neutral,0.6099137663841248
access to files/photos/media,negative,neutral,0.42868703603744507
"best messaging app, not so great for file sharing though",positive,positive,0.8163987994194031
they want to much access,neutral,negative,0.6415528059005737
"would love more clothing choices, glasses and skin tones.",neutral,positive,0.8687719106674194
line freecall is better than bbm freecall,neutral,neutral,0.6253178715705872
this app very nice & use very easy,neutral,positive,0.9231308102607727
make the dp full hd,neutral,neutral,0.5647913813591003
good if it doesn't has annoying news banners,positive,neutral,0.7082064747810364
please make the lite variant of this app for smartphones with less storage.,negative,neutral,0.5334850549697876
age group <number> to <number> years old,negative,neutral,0.506341814994812
takes a lot of space,negative,neutral,0.7061066031455994
trible app. ui is horrible.,negative,negative,0.9406111240386963
loved the app very much,positive,neutral,0.4438220262527466
this bbm is not working on my galaxy s <number> edge why,neutral,negative,0.8410288095474243
it's great <url>,neutral,positive,0.7882975935935974
where is option for timer,negative,neutral,0.7042372822761536
well not. so good work but. some what.,neutral,neutral,0.7205002307891846
this could be great <url>,neutral,neutral,0.6062943339347839
take too much space or ram to run,neutral,neutral,0.6218797564506531
very useful. ive used the app many times in the last few years. hv even referred others by telling them directly. wish full address address of property could be included even before booking. thats my only complaint.,positive,positive,0.8310728073120117
i love it but she doesn't look like me after making so many changes!!,positive,positive,0.658746600151062
"it's ok, but since it appears to have basic reflow why can't we have white text on black background to save battery?",neutral,neutral,0.8414575457572937
great!!! amazing tool for textbooks in pdf <url> i use it on my lenovo tab <number> <number> plus and it works awesome. most of my medical textbooks converted in pdf run absolutely fine with this app.,positive,positive,0.9391707181930542
bothering me for a rating,neutral,neutral,0.6023210287094116
it works great until you need to use another app. even when i whitelist apps my tree still withers,neutral,neutral,0.6454446315765381
good weather overview. occasionally buggy (no pun intended).,positive,positive,0.7797289490699768
when it works is great,neutral,neutral,0.4984286427497864
radar map doesnt work at all since last update. please fix and get <number> stars,negative,negative,0.9614750146865845
"how do i use on facebook,?",negative,neutral,0.5421609878540039
used to be my favorite app,negative,negative,0.7864153981208801
its all good except for one thing.,neutral,neutral,0.5684647560119629
to good to be true,positive,positive,0.41436731815338135
this app is useful for me,positive,positive,0.8248719573020935
"only worked for a day, then the app would never open and kept saying there was a error. uninstalled the re-installed <number> times never worked again",negative,negative,0.9623649716377258
not able to open pdf's downloaded to sd <url>,negative,negative,0.7514407634735107
slow and crashes dinc v <number> . <number>,negative,negative,0.8405963182449341
"easy to use, fairly accurate!",positive,positive,0.933917224407196
its a usefull app for informal office communication.,positive,positive,0.9136074781417847
"facebook face detection doesn't work, so you have to start from scratch. also not enough selection to choose from.",neutral,negative,0.8018539547920227
more than one and add more stuff. (stuff to make the avatar),neutral,positive,0.8750086426734924
i can't play it that sucks,negative,negative,0.9360489845275879
crashes during import htc one m <number>,negative,negative,0.7167780995368958
does exactly what it says. i like it.,positive,positive,0.8755558729171753
i think this app is good,positive,positive,0.5437870025634766
great app. free cancellation should be indicated per hotel before booking.,positive,positive,0.8630256652832031
"it's great for pdf, i only wish it supported other book formats like epub or mobi",positive,positive,0.8499753475189209
"stopped working and deleted everything after a week, pretty poor i'd say",negative,negative,0.9472863674163818
"a couple days ago, started telling me it can't attatch the emoji to my texts, that just stinks! i have a galaxys <number>",negative,negative,0.7937802672386169
overall very useful app. i only don't like the fact that also sold-out hotels are shown. can be quite frustrating.,positive,positive,0.8283680081367493
works well. it could have been better if approximate dates were allowed in search form.,positive,positive,0.5483116507530212
still not as good as it could be!,neutral,neutral,0.7249999046325684
for more information about this review go to <url>,negative,neutral,0.5826119780540466
its been <number> years im using uc browser i gave a feedback that in uc browser we can't download videos directly to sd <url> have given a feedback about this past <number> years back but still uc team have not sloved my <url> service i request google team to please remove this uc browser from google <url> dnt need this kind of careless team ..,negative,negative,0.9478225708007812
awesome app to find any <url> it,positive,positive,0.8675573468208313
ok permissions fix. i've updated and given back two of the four stars i'd dropped.,neutral,neutral,0.7849617004394531
i love the idea but can we get a weekly forest too?? that would be quite motivating!,neutral,positive,0.8597624897956848
it's very good for edit photos and make photos and make a design of any things,positive,positive,0.9209801554679871
"i really love the lightroom software for laptops and other devices, but i don't find the app really convincing when compared to the software as you just miss so many options in the app",neutral,positive,0.5768346786499023
"latest version is <number> . <number> . <number> , last updated on <number> th september <number> . uninstalled as abandoned. desktop is already at <number> . <number> .",negative,negative,0.9574043154716492
just click the back button and my tree will still <url> and i don't think i have the whitelist edit- i think your tree only dies when you open another app that isn't on your whitelist or else the list is <url> am i wrong?,positive,negative,0.681885302066803
adobe products are awsome,positive,neutral,0.5905594229698181
latest update fails to install with 'unknown reason - <number> ',neutral,negative,0.8865715861320496
"the app syncs messages too slowly and marking messages as ""read"" is buggy.",neutral,neutral,0.7020125985145569
"great service, terrible app. the app doesn't seem work with mobile internet which makes it mostly useless.",negative,negative,0.9641576409339905
now <number> % harder to use,negative,negative,0.6267567873001099
marginal but still better than others i have tried.,neutral,neutral,0.6707228422164917
the app doesn't provide multiple tabs at a time. it would be great if its possible.,positive,neutral,0.6396698951721191
good app and uesfull,negative,positive,0.716968297958374
only hate the <url>,positive,positive,0.4719648063182831
"i was using it every day and i think it was brilliant, even upgraded to paid version but since last update i haven't been able to access it at all as it keeps crashing. please fix it.",neutral,neutral,0.6054410934448242
wont work for saml integration,neutral,negative,0.9592410326004028
good but ads are annoying,neutral,neutral,0.5314342379570007
"app works fine, but it is very disappointing that there is no possibility to just use the map to find available accommodation. you always have to fill a place to search, but mostly i just want to browse and see what's available, regardless of the location.",neutral,neutral,0.7365949153900146
worst app and if it is install u r phone become a virus attack,negative,negative,0.9670208692550659
not what i'd expect from the creators,neutral,negative,0.7920157313346863
"won't leave my facebook, like a <url>",negative,negative,0.9367170929908752
ads is an inconvenient thing so far,positive,negative,0.663255512714386
"i like the interface , it's really good. for me, i feel it would be nice to have a look up option when we right-click on words . it's functionality is to link up words to our dictionary apps. <signature>",positive,positive,0.8626110553741455
good but many <url>,positive,neutral,0.674138069152832
requires photos to be imported into lightroom. i know this has how the desktop version but wish the mobile version was faster and easier to use.,neutral,neutral,0.6695930361747742
miss tabs to move between open docs. otherwise is fab.,positive,neutral,0.8227824568748474
"they stole from me i wanted a refund and because the manager of the hotel i chose treated me indifferently all because i wasn't <number> and so i emailed their "" <number> hour customer service"" and never got helped. lost $ <number> . don't use this app it is a trap.",negative,negative,0.9655369520187378
my ag fans love the photos i do,positive,positive,0.8941996693611145
this app would be perfectly awesome if it worked with the keyboard on my tablet so that i could use it in facebook when i <url> without white backgrounds,neutral,positive,0.6509578824043274
"why my friends can retract or delete their messages, while i can't? i don't know what bb phone or android they have.",neutral,neutral,0.5754382610321045
it sucks non free things to choose from,negative,negative,0.9539130330085754
this is very good app for downloading,positive,positive,0.8711400032043457
not accurate information all the time,neutral,neutral,0.7090983390808105
cannot show my reserved bookings,negative,neutral,0.5134938359260559
i love this app,positive,negative,0.4513064920902252
my company forces me to use this app.,neutral,negative,0.9541084170341492
it's hard to cancel a booking when <url> to use,neutral,neutral,0.7397701144218445
won't open email attachments,negative,negative,0.956955075263977
couldn't find a better suited search app. compliments to the team. trivago couldn't find these many options.,positive,neutral,0.6528561115264893
"simple to use, don't seem to be able to see complete booking information",positive,positive,0.47828149795532227
absolutely one of the <signature>,positive,positive,0.9208501577377319
i like the reading mode specially. but sometimes it crashes.,positive,positive,0.7431915402412415
sounds and digital mixer cansol,positive,positive,0.6608279943466187
"lacks a lot of basic features such as bookmarks and ""goto page"". thinkoffice does a better job.",negative,neutral,0.8282176852226257
much better than asana,positive,positive,0.7412111163139343
better on my windows phone,negative,neutral,0.5399522185325623
it's good but always show on screen when i switch on my home screen,neutral,positive,0.5945919752120972
this app is my go to when i need to know about the weather.,positive,positive,0.8994935154914856
"okay but not great, and not really improving",neutral,neutral,0.8361063599586487
it should have pause option,neutral,neutral,0.7949906587600708
"all is good in this app except i couldn't see any hdr option while clicking photos, may be since i use oneplus one, which also has high processing power and advanced chipset enough to support this app. so they should support many more devices like this! hope the support arrives in next update itself.",neutral,positive,0.5402733087539673
"professional app , useful for office purpose , easily connect to office by mobile but too much heavy unable to send messages on slow network.",positive,positive,0.882922351360321
update is not starting after clicking on update button,negative,negative,0.5241488814353943
hate it since the update,negative,negative,0.9475638270378113
tired of getting ripped off.,negative,negative,0.6404051780700684
had to sleep in the truck!,negative,negative,0.8970851302146912
radar stopped working. i would've given <number> star rating if it worked.,negative,negative,0.9273550510406494
worst experience in goa,negative,negative,0.9622670412063599
like it because it syncs better,positive,positive,0.830575704574585
i can connect to my friends.,positive,positive,0.8780301809310913
i love this app,negative,negative,0.4513064920902252
fantastic app for downloading and easy to use,positive,positive,0.9153897762298584
"unable to change alert sound. not in options. unable to enable alerts per channel, on all or keywords and direct. closer to a beta than an app.",negative,negative,0.7237074971199036
so much fun! makes people laugh.,positive,positive,0.8553760647773743
similar to all other photo editing apps. doesn't stand out from ythe rest.,neutral,neutral,0.7715247273445129
the quality of display picture is so bad,neutral,negative,0.6824559569358826
this app is very fast,neutral,positive,0.8685146570205688
dear friends do not install this browser. this browser is pathrtic <url> will ads and ads on this .really annoying,negative,negative,0.9042198061943054
please fix so i can type!,negative,neutral,0.6981753706932068
able to provide sufficent info regarding hotel that want to be rent,positive,positive,0.9111112952232361
they make you pay to create an account!! this is outrageous.,negative,negative,0.9627783894538879
"it's a great concept for assosiating a reward to focus for those of us who struggle; however, my tree withers when someone phones me and i don't answer which is obviously a piss off.",positive,positive,0.49132391810417175
really a very good app,positive,positive,0.8556265234947205
awesome app! it will be better if you sync all your timers on your phones and chrome/mozilla extension. because i have to start to plant on my <number> phones and my browers when i'm working when you can do it just once and all your timers will start automatically. i hope you do it!,positive,positive,0.876056969165802
this app is very nice,positive,positive,0.7570424675941467
"this app is super cute! my only complaint is that there is no piercing section! i have <number> piercings and would really like to at least have a nose ring! or maybe earrings? also think you should be able to customize outfits, like pick a shirt, bottoms, and shoes! instead of just the premade outfits.",positive,positive,0.8777063488960266
"app is okay but has superfluous things that i will never use. including every option is okay but the ideal app would allow for complete customization of components and page information that is pertinent to the user and where they are located. additionally, collecting metrics on what users actually use versus what is weak allows for improved development of the weaker app areas. that said, i have used this app for a long time with little cause for complaint.",neutral,neutral,0.5535538196563721
could you please add an option for exporting photos using the png format? it would be very handy.,neutral,positive,0.7139079570770264
i like the reflow feature. but useless for me as i can't search nor skip to a specific page (have to scroll through entire books),negative,neutral,0.543371856212616
"simple yet effective. would be great if the app had more customisation options like moving the plants around, changing the colour etc.",positive,positive,0.8500520586967468
uc brouser is <signature>,positive,positive,0.5457815527915955
not starting since last update. please see to it. i gave <number> star so you can quickly check my issue. my phone is note <number> neo n <number>,positive,neutral,0.539069652557373
doesn't work properly on nova launcher,neutral,negative,0.9490547776222229
"useful, informative and helpful <signature>",positive,positive,0.928051769733429
still no floating head!! disappointed,negative,negative,0.5479861497879028
this app sucks now,negative,negative,0.9688161611557007
it can't find my photos,negative,negative,0.8689258098602295
what happened to my little shortcut!? or used to stay open in all my messaging <url> now it's gone!!,negative,negative,0.932631254196167
stable and functional but not totally user friendly.,neutral,neutral,0.7152044773101807
this is good <url>  downloading movies but many. ads are come in between browsing,neutral,neutral,0.5853859782218933
i don't like the company not the app,negative,neutral,0.5144672989845276
"great app but would love to have better clothing styles. maybe peacoats, pencil skirts etc. <signature>",positive,positive,0.912102222442627
radar map will not move. it hasn't been accurate either.,negative,negative,0.9366329908370972
"simplistic, designed to exceed expectations and overcome limitations.",positive,positive,0.5975533723831177
<url> sometimes it's gone <url> hate slow,neutral,neutral,0.6848828792572021
"i would use it more but i dont like that it has to start a new message, would be better if it would just add to the convo on the screen",neutral,neutral,0.6344942450523376
very bad app. it is forcing to instal. i think it is a virus.,negative,negative,0.9680631756782532
better if no trial period and unlimited use for free,positive,neutral,0.5251393914222717
great but needs presets access,neutral,positive,0.8249481916427612
each time it simply keeps saying that my phone has <url> disgusting,negative,negative,0.6465491652488708
keeps documents in line. i really like this application!,positive,positive,0.834570050239563
anyone video download stop and very slow download,negative,negative,0.7779179215431213
used to work but no longer does. writing this review while my is growing :/,neutral,negative,0.5470486283302307
limited options but fun,neutral,neutral,0.6269207000732422
would give better but have'nt used much yet,negative,neutral,0.6431049108505249
"app ok, but temp doesn't update in notification bar",neutral,neutral,0.8572924733161926
no way to redeem tickets.,neutral,negative,0.960364043712616
"silly app , it would let me open google while it will kill the plant if i open calculator or dictionary",negative,negative,0.6823132634162903
"wow, such a pos!",negative,positive,0.760701596736908
is a great app but since the update a couple of days ago i can't get radar to work. tried uninstalling and reinstalling but doesn't work.,positive,neutral,0.6882697939872742
"i hate start up with system, i don't use it frequently",negative,negative,0.9365248680114746
push notifications not working,negative,negative,0.7680373191833496
good combination with acrobat reader. it's quite clear,positive,positive,0.8949600458145142
nice. update it to be more digital. very clear,positive,positive,0.8391509056091309
nice but sometimes hanging,positive,positive,0.5518397688865662
still getting to know it,positive,neutral,0.5981922745704651
i use it for reading articles and it's fine. would be useful to be able to open two articles at once for cross reference but otherwise happy with the app,positive,positive,0.884739339351654
its better than others,neutral,positive,0.5177260041236877
does not work. in play store not listed as trial .come on adobe you stop down loads from your services now products do not work and listed as free we hen really a trial,negative,negative,0.9697386622428894
almost a good editor,positive,positive,0.7258322834968567
not able to download new <url>,neutral,negative,0.7581744194030762
"so i create a pdf using an adobe program, then send it to my phone to see what it looks like, but it won't open! pretty lame if you ask me.",negative,negative,0.7030912041664124
sometime can't change display picture at asus zenfone <number> . please fix,negative,neutral,0.7347550392150879
really nice concept but on android it just keeps hanging and eventually crashing.,negative,neutral,0.7120468020439148
doesn't work on my phone. always error,negative,negative,0.963374674320221
slackbot opens every time i start to type a reply in the app. started happening with the last update (note <number> ). why can't we disable slackbot? <number> star until we get this ability.,negative,negative,0.8075650930404663
"complex app that covers all sorts of things related to travelling, maybe too many",positive,positive,0.8884915113449097
great and more awesome,positive,positive,0.8970614075660706
not what i asked for,negative,negative,0.902880072593689
i wish you would show canadian maps,neutral,neutral,0.5796025991439819
you don't allow to take in-app screenshots?,neutral,negative,0.8603010773658752
how about date birth,negative,neutral,0.605045735836029
"works great, other then not being able to delete content directly from phone.",neutral,positive,0.5081011056900024
can't copy/paste or add keyboard to android,negative,neutral,0.7534834146499634
can't even create a account tried more than <number> times,negative,negative,0.9640095829963684
fast and good but missing features.,neutral,positive,0.5769720077514648
cannot get rid of floating head in my messages and it's driving me mad. i've had to uninstall the app to get rid of it &gt;:-/,negative,negative,0.8302347660064697
"love this app. i use it to study, but i answered a phone call and it wilted my tree. i can't really help when i receive phone calls. this one had to be answered and now i have to look at a wilted tree in my beautiful forest. i am upsetti spaghetti since i'm a perfectionist",positive,positive,0.8222554326057434
this app is slowly work,neutral,positive,0.5023514032363892
no instructions on how to delete files/pages viewed.,neutral,neutral,0.6517615914344788
it helps a lot.,positive,positive,0.8268769383430481
"need to improve performance, usablity, and <url>",neutral,neutral,0.6153610348701477
multiple image share option is missing,neutral,neutral,0.6260758638381958
"i like the functions, but",neutral,neutral,0.6186313033103943
why don't you just block us all?! =d =d =d,negative,negative,0.8688652515411377
easy to find hotel,neutral,positive,0.8979698419570923
"if unexpected crashes negleted, it is so far the <signature>",positive,positive,0.6868592500686646
used to love it,negative,negative,0.8525851964950562
"i love this app but with the latest update it died when i used a white listed app, and when i checked my whitelist i couldn't scroll through or change anything which was weird. plz fix this and add more trees!",positive,neutral,0.47805485129356384
very good mobile phone photo editor,positive,positive,0.8865819573402405
keeps telling u to turn on the access then brings u to the settings page and even aft you check all the boxes doesnt take you back to the app. and continues to keep popping up disrupting phone usage. app doesnt work properly,negative,negative,0.9415302276611328
app is faster but stucks mobile pleas fix it up,positive,neutral,0.6682962775230408
"should have ""seen"" feature",neutral,neutral,0.817643940448761
"can not zoom in or out, plis fix",neutral,neutral,0.5745686888694763
nice idea and interface but finding friends doesn't work on android,neutral,neutral,0.7836283445358276
white list is so frustrating!,negative,negative,0.7668184638023376
need <url> saving to gallery issue adding photo issue,neutral,neutral,0.7454121112823486
the live doppler doesn't work since i updated,negative,negative,0.598623514175415
very ugly and difficult to use platform. i do not suggest it. very bad,negative,negative,0.9641316533088684
recent update be unstable and loading so late,neutral,negative,0.530879020690918
would give <number> stars if you blocked the facebook messenger bubble as well,positive,neutral,0.5758547782897949
it's a good overall weather app. do miss the traffic cam.,positive,positive,0.7825707793235779
really hard to navigate.,neutral,negative,0.8298038840293884
they don't refund difference if room is cheaper,negative,negative,0.46475106477737427
"works most of the time. freezes sometimes while trying to open a document, but just restart the app and it's good to go.",positive,neutral,0.6745702624320984
my friend show me it on tumbler it's amazing <signature>,positive,positive,0.9143412113189697
would of gave it <number> stars if i could. i just figured out that this app was using <number> % of my battery life and i never even use the app. sucks really bad.,negative,negative,0.7039637565612793
"you ruined the icon, we said ok. now you are ruining the background color too. stop changing, no one was complaining!",neutral,negative,0.8855283260345459
should have been a <number> star but why's the android version lacking local adjustments that the ios version has. i can understand that there may be delays among platforms but it's already <number> months behind!,neutral,neutral,0.7801456451416016
nothing i want from this app,negative,negative,0.9427633881568909
so great until today,negative,neutral,0.4463956356048584
it would be nice if it had it on like whatsapp for android but you have to download another app to access that <url> yeah but it's good,positive,neutral,0.5143597722053528
high quality images turns into low quality,neutral,neutral,0.5842433571815491
"it doesnt work, the screen flashes on and off and it wont open",negative,negative,0.965005099773407
no retract in options,neutral,neutral,0.7235240340232849
last position read somewhat flawed,neutral,neutral,0.7103207111358643
get <number> days free trial. nice. to try it i need to be able to access photos that store to my sd card. i do that so i have room on my phones internal drive. waste of time,negative,neutral,0.5724585056304932
does not support to open pwd protected document,neutral,negative,0.8271659016609192
got rid of the irc gateway. this was why we used slack. uninstalled.,negative,negative,0.9579895734786987
more theme and customization <url>,positive,positive,0.9047653675079346
some items don't work!,neutral,neutral,0.6794372797012329
map animation still has bug.,negative,neutral,0.6674557328224182
"ignores some files, loads a few others",neutral,neutral,0.5480051040649414
it's not as good as it used to be,neutral,neutral,0.6886197924613953
"good, but needs things",positive,neutral,0.4945070445537567
not working properly on samsung galaxy a <number> .,negative,negative,0.908088743686676
views pdfs better then stock app but it doesn't see pdf's on sd card,negative,neutral,0.7486465573310852
no way to get rid of ads on terrible screen layout.,negative,negative,0.9597436785697937
required an account. i want an app to edit pictures on my phone. the online storage and synchronization should be an optional feature; not a requirement.,negative,neutral,0.7567859888076782
ok with local weather love the thunder part of the app,positive,positive,0.5266635417938232
trivago the tru app,neutral,neutral,0.4295731484889984
add a floating notification,positive,neutral,0.5488361716270447
why i can not share video on bbm group; too many update but no significant effect,negative,neutral,0.6790651679039001
limited options for search,negative,neutral,0.7725887298583984
good for messaging not for calls,neutral,neutral,0.7214892506599426
"it's available when i need it and it's more accurate than other weather apps i've tried. update(jan <number> ) <url> recent california winter has been crazy, and frankly this app has let me down with inaccurate forecasts for most of it. comparatively, the google now app is more accurate. maybe the sensors in my area are just bad. when it's fixed, i revisit my review.",neutral,neutral,0.5430600047111511
you could add a bit more features. birthmarks scars moles etc,positive,positive,0.553176999092102
i am using it before <number> years,positive,negative,0.46853721141815186
like many sites if you visit a chosen hotel more than once or twice the price rises!,neutral,positive,0.8450708985328674
amazing experience so far with this. iam being familiar with it.,positive,positive,0.9145284295082092
doesn't save properly half the time and definitely could use some more filters.,negative,neutral,0.8529402613639832
why is the iphone app so much better!,negative,negative,0.5151006579399109
"browser not opening sites, it just ideal.",negative,neutral,0.7903355956077576
"continuous crashing, won't even open now.",negative,negative,0.9638469815254211
they forced me to rate them so i docked a star.,neutral,negative,0.9333236217498779
lame. doesnt work for samsung intercept,negative,negative,0.9581655263900757
of mice and man,negative,negative,0.6204917430877686
only thing missing is custom notification,positive,positive,0.6920828819274902
video cant open after click tha video,negative,negative,0.8398716449737549
weather animation has stopped and will not start. has been off nearly <number> weeks.,negative,negative,0.9468850493431091
"i just came here because this app was featured on silicon valley, looks like a great app with an attractive interface.",positive,positive,0.8503866791725159
it's okay except for i have a lg phone and it doesn't work that well with the lg phone,positive,neutral,0.856998860836029
cannot open or detect image file imported from nikon <number> j <number> camera which has .jpeg <url> i had to convert it first or use another photo app editing and save <url> so lightroom could detect the file <url>,neutral,neutral,0.5747494697570801
having trouble downloading the app,negative,neutral,0.6129478812217712
i can't sent it through my messages to my contacts. only through facebook and that is absolutely ridiculous. this app sucks,negative,negative,0.9637407660484314
very quickly reservation done.,positive,positive,0.9022318720817566
<salutation> please give setting to turn it off,negative,positive,0.447339802980423
fantastic app to track lighting! the rest of the app is the same as any other really. but in fairness i do not use the rest of the app.,positive,positive,0.8193744421005249
service is good but app is not much android oriented,neutral,neutral,0.7824729681015015
this app is better,neutral,neutral,0.4824332296848297
the improvement are a lot better but it would be nice to be able to send large mp <number> or mp <number> files via bbm.,positive,positive,0.6241098642349243
viuggg hang with my life in your help me a lot and then you have any attachments may contain information contained herein including attachments if it would love the way i will have been sent me a new one day i was thinking about my life in your,positive,positive,0.7589429616928101
can't get to work for motorola droid,negative,negative,0.9560562968254089
bad for the aap is hanging,neutral,negative,0.9232993721961975
its really <url> though remove the trial days remaining,positive,positive,0.5366699695587158
horrible radar. constant storm alerts with no storms around,negative,negative,0.9613103866577148
cool idea pain da butt to use then at times wont work <url>,negative,neutral,0.7638004422187805
new update v <number> . <number> crashes all the time,positive,negative,0.8871690034866333
"it's okay (at least, freebies now included) <url>",neutral,neutral,0.8115299344062805
only <number> stars since it will not let me delete any files. please fix.,neutral,neutral,0.6201136112213135
does what it is supposed to do and does it well.,positive,positive,0.8347749710083008
"very useful, but has a few annoyances",positive,positive,0.7427667379379272
can't download <url>,negative,negative,0.8580983281135559
"generally a good pdf viewer. i love the reading mode that reflow text and adjust font for better reading experience. the only problem, or i should call it a bug, is that it seems like this mode hates to see <number> letters ""f"" & ""i"" being together. for words like ""find"", ""first"", ""prefix"", etc. you will see only ""nd"", ""rst"", ""prex"", etc.",positive,positive,0.8796574473381042
no support for paid ad-free version,neutral,negative,0.8382811546325684
i like this app,positive,positive,0.7259867191314697
used to use it for studying but after reacent update it won't open. please fix,neutral,negative,0.7426468729972839
last update is a disaster,negative,negative,0.9147817492485046
would be better if emoji's didn't disappear when new ones are added,neutral,neutral,0.6852996945381165
good for basic stuff,neutral,positive,0.6202882528305054
fun but android needs more options!!,neutral,positive,0.5824997425079346
"the usual mediocre bare bone pdf reader from adobe, totally lacking in functionality. repligo reader is better",negative,neutral,0.6433601975440979
stays open in background,negative,neutral,0.7180073857307434
it's actually helpful.,positive,positive,0.5865940451622009
good enough and satisfied result <url> its quite good aap,neutral,positive,0.7398701906204224
why songs are not downloading from the websites. there is always showing error. whenever i download some song. pls fix this bugg,neutral,neutral,0.5250582695007324
booking is simple and straight forward.,positive,positive,0.6434603929519653
"a really good and practical app, however like every other app it still has room for improvement!",positive,positive,0.8817517757415771
excellent pdf viewer rendered unusable by the inability to jump to a page and by the fact that it doesn't remember where you were or bookmarks.,negative,positive,0.6557444334030151
good site but still faceing issue with hotel even we confirm through app,positive,positive,0.4944955110549927
it took forever to download,neutral,negative,0.47119519114494324
i've started using the lightroom camera to take all my photos in raw (dng) and i've noticed today that while out at <number> : <number> on <number> / <number> / <number> and taking pictures the time and date stamp on the images says <number> : <number> <number> / <number> / <number> . what's all that about? i can't change it so where does it get it's info from? also the preview does not show the correct colour. it does when using the slider but as soon as i let it go the image reverts back to a almost black and white.,neutral,neutral,0.7160418629646301
it's cute for younger people but i use it some. i'm <number> yrs old.,positive,positive,0.7184284925460815
"i had login throught google + <url> but i changed my mind and wanted to login through <url> so, i logged out !!! now, i cannot login back. the app is going back to registration page with the option to login to facebook !!! please look into the solution for this !",neutral,negative,0.850700318813324
please could we have the option to install to sd card. what is the point in having a large sd card if it doesn't even get used,negative,neutral,0.7537575960159302
wont open at all,negative,negative,0.9122810959815979
good stickers allow users to express better. how come i cannot use bbm calls?,neutral,positive,0.7038383483886719
why pr have no radar????,negative,negative,0.6640216112136841
before it can connect even the signal is weak now it needs more signal to connect,neutral,neutral,0.6428635120391846
radar maps are all wrong,negative,negative,0.8797076344490051
it is fast downloading app,positive,positive,0.8974727988243103
make it a zoo or fish tank,positive,positive,0.8109849095344543
waah!!! so nice app,positive,positive,0.7120656967163086
why pay that price for tablet use,negative,negative,0.739739716053009
good bit doesn't have the choices in search section for type of rooms such as not-smoking or soundproof ones or double-room etc.,positive,positive,0.5075980424880981
too slow at times,neutral,neutral,0.7775222063064575
it's very easy to use and all types of format documents easily opened,positive,positive,0.9303432106971741
can not sign in,negative,negative,0.9314363598823547
it makes team communication highly open and accessible,positive,positive,0.9372714161872864
when message is being sent it takes time to be received,neutral,neutral,0.6578174233436584
pretty accurate for the most part i think,positive,positive,0.892367959022522
spark is about the only good thing,neutral,neutral,0.5873751640319824
broke the upload photo feature,negative,negative,0.6228147149085999
best app but suggest download stop,positive,positive,0.49167773127555847
some hotels are a bit shady,neutral,neutral,0.8003539443016052
its fun to see you're own emoji !,neutral,positive,0.7330889105796814
its not so great as i expected it to be,neutral,neutral,0.8087248206138611
keeps going down n the ads r anoying,negative,negative,0.53248131275177
it was good enough until i can't change my display picture,negative,neutral,0.7654886841773987
it's a trial. editing feature not impressive.,positive,neutral,0.5783098936080933
love it <url> great job <url>,neutral,positive,0.7533477544784546
used to be good,negative,negative,0.8133097290992737
very good and useful app,positive,positive,0.9250712394714355
"the app will no longer let me delete locations. uninstalled, and reinstalled and they are still there. frustrating.",neutral,negative,0.9151307344436646
"buggy, ambigue and less features",negative,neutral,0.7544894218444824
"this has helped my productivity a lot. i've only recently started experiencing issues with it. before, the app used to count extra time i went without using my phone even after the <number> min mark. it was really gratifying to see how much longer i was able to last + it contributed to my forest and my overall focus count. but now it isn't doing that? so it kind of discourages me from continuing to work past the sound of the timer even if i feel like i could. if it's possible, please do something about that.",neutral,neutral,0.4971919059753418
"zooming slow, okay otherwise",neutral,neutral,0.8140636086463928
"fix zoom in attached images! it doesn't work first <number> seconds the image open, and for gif it doesn't work at all. and is that tat hard to add rotation you've ""planned to add"" a year ago? where's a font size setting or guesture scale sor chat?",neutral,neutral,0.573822557926178
when will the local adjustments tool be disponible for android users?? hope it's included on the next actualization !!,positive,neutral,0.5786365270614624
just started using it !,positive,negative,0.686172604560852
so cute. wish it were easier to access via other apps,positive,positive,0.7026932835578918
really like the way this app has evolved from it's first version. please add android wear notification service asap. its really easy to add and people are badly missing it.,positive,positive,0.7595041990280151
"good on mobile devices ,simply good on move",positive,positive,0.7224588394165039
need to avoid unwanted ads and also enhance the downloading speed. overall nice app.,positive,positive,0.8210615515708923
"i really like this app and is what i go to when i start loosing concentration. i wish there were more stats and plant types, also more beautifully animated and things that change <url>",positive,positive,0.9230396151542664
was <url> now radar broken,negative,negative,0.890623927116394
booking bait and switch,negative,negative,0.8785518407821655
this seems like it would be cool,negative,neutral,0.640344500541687
cannot see my photo's on device,negative,neutral,0.5325530767440796
so far so good!! i love it.,positive,positive,0.8610614538192749
"such an intrusive browser, coming from china. it can't be trusted with your online activities. indians, be aware.",negative,negative,0.8816206455230713
hi i download this app he is the very good app,positive,positive,0.7792931795120239
where is the download process,positive,neutral,0.5939770936965942
brill so easy to use,positive,positive,0.7404336929321289
the app isn't working on the note <number> . i'll update my review if/when it works.,negative,negative,0.8060206770896912
"""you have cancelled your entire <url> ""???",negative,negative,0.9516700506210327
it good for local german reports nearly as good as <url>,positive,positive,0.5718801021575928
does what i need it to,neutral,positive,0.8655675649642944
it's good for communication,neutral,positive,0.774428129196167
it sometimes sends the wrong <url>,neutral,neutral,0.7123048305511475
please add the feature of sharpen and blur,neutral,positive,0.6288564801216125
notifications aren't working???,positive,negative,0.6545355916023254
lag while zoom in/out,positive,neutral,0.6065553426742554
had some slowness issues?,positive,neutral,0.7345041036605835
awesome app one of the <signature>,positive,positive,0.9054312705993652
it does great and gives accurate weather information,positive,positive,0.930010974407196
bogus . there are several aps much useful,negative,neutral,0.6707693934440613
'no notifications' doesn't work.,negative,negative,0.9425328373908997
great app for managing hotel reservations on the go. it's also nice to earn rewards for frequent stays. i think this is the <signature>,positive,positive,0.9269800782203674
app keeps crashing. unable to open after latest update.,positive,negative,0.9589920043945312
always update but nothing improve,neutral,neutral,0.7357625365257263
"great concept, poor implementation",neutral,negative,0.8040356636047363
contact picture not show.,negative,neutral,0.5825799107551575
canon cr <number> support please,neutral,neutral,0.49129346013069153
this thing is a trap! it will take your money,negative,negative,0.9516934752464294
"the icon re-design is a tremendous eye-sore more fit to be the face of a pharmaceutical firm, and they didnt put any extra effort into making the app on any of the platforms, leaving gaps in design. no dark mode, no voip, no collapsing the sidebar on ios or windows. i use it because my friends do.",negative,neutral,0.6715365648269653
"just need an option to mute notifications (some of us work different timezones and like sleep), other than that it works pretty well!",positive,positive,0.6528096795082092
good for net work download,positive,positive,0.6841808557510376
i want this feature,positive,positive,0.5741105079650879
content rating: low maturity,positive,neutral,0.636381983757019
this application doesn't work in my handphone,negative,negative,0.9611783623695374
slack chat is good,positive,neutral,0.6702418923377991
i find the user experience superior to other apps.,positive,positive,0.549792468547821
"great app, needs better ui on reviews",neutral,positive,0.7418685555458069
great new camera in-app,positive,positive,0.8491705656051636
would be <number> <url>,negative,neutral,0.6318182349205017
it's a good application,neutral,positive,0.7407410144805908
"five star service, two star app",negative,positive,0.47319191694259644
everytime my phone went on sleep it killed the tree and became completely pointless because i would've had to tap my phone every <number> seconds to keep it from locking and killing the tree.,negative,negative,0.968069851398468
bbm isnt the <signature>,neutral,neutral,0.5833219885826111
can you please give a little speed more on download,neutral,positive,0.5629361867904663
need support for .cr <number> format,positive,neutral,0.6994781494140625
"unecessarily complicated and cumbersome. it's so difficult to create new workspaces and move people from one to another. if you don't have someone's email address memorized, good luck! this app has a long way to go to be truly useful every day. in addition to the above, notifications are a bit of a nightmare. i've missed out on a lot of critical messages because notifications just don't work when they need to. i've run out of room for feedback but i could go <url>",negative,neutral,0.7993177771568298
i'm surprised hdr is not supported on the huawei nexus <number> p. i realize it is isn't as new as the pixels but it's still a pretty fast phone.,neutral,neutral,0.6564960479736328
where is the bookmarks?,neutral,neutral,0.5211677551269531
"love this app, developers have been brilliant at fixing bugs and the feedback system is great!",neutral,positive,0.9058261513710022
i want to give this app <number> <url>,negative,negative,0.8559890389442444
cant even sign in or sign up,negative,negative,0.9561118483543396
"very nice weather app. would like to see more detail on air quality, pollen, etc",positive,positive,0.8951438665390015
simple to use. nice option to search via map,positive,positive,0.8705108165740967
what a huge step backwards for useability.,negative,positive,0.8410406708717346
it is what it is!,neutral,positive,0.407135546207428
"+pinch zoom, +++reflow text, --render speed on scroll, ---should find all pdf including dowloaded by browser, --no search, ---no images in reflow",negative,negative,0.553419291973114
this app keeps killing my tree whenever i off my <url> this is so bad. i ended up kore time restarting the timer.,negative,negative,0.962853729724884
website offers better and more search options.,negative,positive,0.6063193082809448
i love this browser,positive,negative,0.37180790305137634
not always perfectly accurate. i like the hourly forecast.,positive,positive,0.747828483581543
mobile notifications not working,neutral,negative,0.8493287563323975
cannot unlock password protected ebooks. can't even interact with links or buttons. worthless for password protected ebooks.,negative,negative,0.9676620364189148
this app is an nice good for everything i need but they are problems u must fix,positive,positive,0.7517380714416504
getting worse than before,neutral,negative,0.5218431353569031
it's easier and efficient,positive,positive,0.888392984867096
"what the mobile developers do not understand is: do not ever ever change the application icon! the icon shape and color are used to quickly identify an app between other dozen apps. that's how the brain works! moreover, an update only for the app icon? where is the video recording option? i use slack daily (it's the main chat / video conferencing solution where i work) and you can simply cannot record meetings!",negative,negative,0.733980119228363
"cute and accurate, but no long hair",neutral,positive,0.6133089661598206
used to work. not anymore,negative,negative,0.9426217675209045
an outstanding way of communication with the team.,positive,positive,0.9361602663993835
internet is better than this because,neutral,neutral,0.5190852284431458
"sucks. force close, pdf never opens. htc hero.",negative,negative,0.9678892493247986
"i like it just wish tht we had more choices for the avatar and the body shapes were more womenly, besides that i think it's great!",neutral,positive,0.8699674606323242
was great when it worked,negative,negative,0.5151067972183228
update has ruined functionality. now difficult to search rooms for <number> people etc. terrible terrible terrible!,negative,negative,0.9673829674720764
would like it better if you could use this app in fb <url>,neutral,neutral,0.6120004057884216
great app with potential.,positive,positive,0.9268211126327515
handles small pdf files really well. needs bookmarks.,neutral,positive,0.5556824207305908
why not a mobile web version ??!!?!,negative,negative,0.6233466863632202
"i love this app, the ui is nice and smooth, no bugs what-so-ever, and it knows when i press the home button and enter another app. (turn on advanced something in the settings) looks very smooth, and it works as it should! the problem is, i can't lock my phone without killing the tree, and it wastes the battery. that's pretty much my only complaint! (i'm fairly new to the app, and i heard that when your forest gets full, that you can't put in anymore trees. if so, please let the forest expand as well.)",positive,positive,0.8215824365615845
i was addicted to game and other stuff my personal work ratio was too down and this app really help <url> !,positive,neutral,0.5266379714012146
stuck in update mode,negative,negative,0.5358202457427979
while downloading music it goes to play store .,neutral,neutral,0.6304154396057129
can't append it to sd card when updated in htc wildfire,negative,negative,0.587868332862854
free emoticons are <url> good,neutral,neutral,0.6555777788162231
"i could plant the tree while watching youtube , no different than clash of clans",negative,neutral,0.5690696835517883
bbm cant connect properly,negative,negative,0.7541729807853699
"it would be cooler if you could mix and match the pants, shoes, shirts, jackets, etc. instead of having to choose from predetermined outfits. i want to make my own outfit!",positive,positive,0.5524699687957764
"works fine, too many ads",positive,neutral,0.7294306755065918
they okay good on the <number> day forecast.!,neutral,positive,0.5202709436416626
"when it works, it's good. but far too many crashes on my galaxy tab s <number> .",neutral,neutral,0.7255287170410156
terrible it now no longer works the way it used to. it was the <signature>,negative,negative,0.96454918384552
push notifications not reliable,positive,neutral,0.7174392342567444
went out and can't access it ny more. what happened. says i have <number> go thru fb or my email and i have <number> sign up and in wen i've been using it <number> the past <number> months. what happened!,neutral,negative,0.9621772766113281
to set a profile picture is very frustrating as the current set up/method cuts out most of the picture. this really should be adjusted.,neutral,neutral,0.7679299712181091
i liked <url> this is very useful,positive,positive,0.7808998823165894
if your not using this to book your loosing out,neutral,negative,0.7423609495162964
"the app keeps asking me to rate it despite me constantly telling it ""no"" so i'm rating it <number> star out of spite and partially because they don't actually follow the choices they give you.",negative,neutral,0.49127495288848877
"uc browser is a fantastic browser application. the team behind the creation of this application have all done a wonderful job. keep it up as you continue to improve upon this great application. however, i wish to suggest that option to be able to send applications in speed mode { facebook, twitter etc} to phone desktop/home screen be incorporated into this application. secondly, make it possible to be able to select and set desired audio file as alert tones for applications like facebook etc. we therefore look forward to seeing these options in your next update sir. <signature>",neutral,positive,0.8779923915863037
"battery drain, battery drain, battery drain",negative,negative,0.8905971646308899
won't open raw files,negative,negative,0.928560197353363
force closes on samsung moment w/android v <number> . <number>,negative,negative,0.7884841561317444
not as good as desktop app .too slow while navigaring to different channels amd personal chats.,neutral,neutral,0.7493813037872314
weather is nice and shows precipitation also,positive,positive,0.7931291460990906
"won't let me add locations, other than that, works well.",neutral,neutral,0.8108342885971069
note <number> <url> of nov <number> th.,negative,neutral,0.530036449432373
rooms sold not always available,neutral,neutral,0.5779040455818176
please add a feature!,neutral,positive,0.7223402261734009
so many ads r coming i hate this app,negative,negative,0.9656971096992493
it does what it's supposed to.,positive,neutral,0.6405718326568604
it really sucks that disabling wysisyg in the settings does not work. i want my input freedom.,negative,negative,0.9026188850402832
it's a decent app,positive,neutral,0.704746425151825
have issue on redmi note <number>,neutral,neutral,0.6621761918067932
"i would give it <number> , but it keeps stopping when converting text to pdf",positive,neutral,0.6798879504203796
very good for me,positive,positive,0.8603821992874146
"app whitelisting doesn't work, everything works fine when whitelisting is turned off (tree withers when i exit the app) but when it's on, i can access any app without the tree dying, not just the whitelisted ones. i've also turned on the advanced detection mode, does not help.",neutral,negative,0.48863381147384644
"this ""use"" to be the greatest weather app right up until <url> latest update froze radar animation and i don't get alerts until i open the app. deleting and going to find a better app.",negative,negative,0.830253005027771
"it does its job, but asking each time to rate the app is infuriating",neutral,neutral,0.7179073691368103
my weatherbug now tells me im <number> towns away. reported <url> they told me i was dumb basically.,negative,negative,0.6511706709861755
crude humor supports the deteriorating morals of society. not acceptable,negative,negative,0.4969973862171173
after installed the browser <url> phone will hang and some unwanted program to be automatically <url> will affect on <url>,negative,negative,0.8855059146881104
some update or something makes this wonderful app crash. please remedy the issue!!!,neutral,neutral,0.6674165725708008
love it but easy on the ads pls,positive,positive,0.7676010727882385
"for all those whose trees are not withering, turn off whitelist mode",neutral,neutral,0.4472964406013489
"i really enjoy this app, it's been quite helpful. however, though it counts the time you exceed the preset goal you don't get any extra trees/bushes. this means that i sometimes go over my time focus goal, but only see one lonely tree for my efforts. good bit of a bummer. otherwise, love the app.",positive,positive,0.8554295897483826
not as accurate at weather channel but i like that i can choose the radar location.,positive,positive,0.8531192541122437
i prefer the blackberry version to the android version. or maybe i've not discovered all the tricks here.,neutral,neutral,0.578821063041687
great! so much potential!,positive,positive,0.8911452889442444
can't use bbm after update,negative,neutral,0.5176262855529785
on getting the latest update the app stopped working all of a sudden. i use samsung galaxy s <number> . please see what has gone wrong. i tried reinstalling the app too. didn't work.,negative,negative,0.94448322057724
very very slow even on nexus one,negative,negative,0.8152902722358704
like the old version better,positive,neutral,0.6701904535293579
stop asking me to rate every time i launch the app.,negative,negative,0.6419258713722229
lots of force closes on galaxy s.,negative,negative,0.7222035527229309
needs more of the core lightroom features,neutral,neutral,0.7148144245147705
"great app, just a few things that need addressed. i can no longer ""purchase"" additional trees and i have the $. it says forbidden after taking a while to load. i've uninstalled and reinstalled, running on the most current app and android os <number> . <number> , droid turbo <number> .",neutral,positive,0.740159809589386
please add live radar widget!,positive,negative,0.6349034309387207
can't quickly link to specific page or bookmark. sucks. quick office is much better for reading pdfs.,negative,negative,0.6990807056427002
it dose not let you do anything,negative,negative,0.8636527061462402
hourly doesn't match the <number> day,neutral,negative,0.6795254945755005
it's a good app,positive,positive,0.5479171872138977
good app edit picture,positive,neutral,0.5422620177268982
can't bookmark the page! it's hard to read an e-book and remember the page number. i will delete.,negative,negative,0.7267523407936096
use for fast download,positive,positive,0.870897114276886
used to be the <signature>,negative,negative,0.49790945649147034
better than most. quick and easy,positive,positive,0.9250600337982178
"not fast in sending and receiving messages, the app needs to be worked on.",negative,neutral,0.6509124636650085
local adjustment not appearing,positive,neutral,0.7457841038703918
used to be great,negative,negative,0.8396829962730408
just got it <url> fingers crossed,neutral,neutral,0.5239036679267883
best pic editing <url>,positive,positive,0.8015974760055542
no bookmark or jump page. doesnt remember where i was when closed,negative,negative,0.7167894840240479
"good. only complaint is that sometimes the location on my lock screen is not my current location, but a random one from my saved places.",positive,positive,0.5312903523445129
for the older version,neutral,neutral,0.6419963240623474
"this app is pretty good, but i wish i could use this in my normal keyboard and i hope that it will be animated and have a transparent background",positive,positive,0.714183509349823
it's very accurate and good,positive,positive,0.896208643913269
loved it till i got a new phone,negative,negative,0.4908636212348938
works ok but crashes when i rotate my archos <number> .,neutral,neutral,0.8395597338676453
bloats <number> megs needs to be movable to <url>,negative,neutral,0.47254353761672974
shares the way it wants without permission,negative,negative,0.4639640748500824
external storage for cache,neutral,neutral,0.5855028629302979
the radar map is practically useless now,negative,negative,0.9635326862335205
will not select the correct current location.,negative,neutral,0.6754674315452576
cant edit my avatar and cant log in!!,negative,negative,0.9300403594970703
this is worse than what we call pathetic when it comes to mobile app.,negative,negative,0.9565198421478271
updated to make it worst,negative,negative,0.9361947178840637
the trees do not die when i leave the app which is what the app was supposed to do should i have left the app to use other apps like ig or youtube,negative,negative,0.7013610005378723
new version is a major step back,negative,positive,0.5694862604141235
awesome and secure app,positive,positive,0.9147802591323853
awful app. really awful.,negative,negative,0.9654432535171509
would rate <number> <url>,negative,neutral,0.5676881074905396
"makes an incredibly annoying and loud clicking sound through the speakers whenever you take a photo, with no ability to disable it.",neutral,negative,0.5093528628349304
it's nice but some problems r there,neutral,positive,0.5059864521026611
have used it for years,positive,positive,0.8125597238540649
hope it supports split screen,positive,neutral,0.4896913170814514
good app to <url> i alwayz prefer uc browser to <url>,positive,neutral,0.5457265377044678
some issues but otherwise excellent,positive,positive,0.6310440301895142
"this app is great, allows you to edit raw files, and almost has all the same options as a desktop/laptop version. the only thing i would really love to see is a brush setting, really all it needs for <number> stars in my books!",positive,positive,0.9172770977020264
basic stuff done well,neutral,positive,0.5950886607170105
unfriendly to free users,negative,negative,0.9545941948890686
crashed my phone twice in a row doing nothing more then trying to read a <url>,negative,negative,0.940667986869812
has become unreliable and very inaccurate. loved it and now will get rid of because of terrible forecasts.,negative,negative,0.9474726319313049
still no group contacts like old bbm,negative,neutral,0.6905335187911987
"slow loading, double notifications",neutral,neutral,0.7241420149803162
i love this app but sometimes it is really lagging.,positive,positive,0.5377904176712036
freezes when opening pdfs. useless. root droid <number> . <number>,negative,negative,0.9557883143424988
"really nice app ,with grt way to analyse yr productivity",positive,positive,0.89292311668396
great but one major problem,positive,positive,0.8330162167549133
this program needs to be able to jump to specific pages in the pdf. i have a <number> page set of blueprints in need to access multiple times daily. fix,negative,neutral,0.6340157389640808
something went wrong before i could access this app. immediately <url> viruses needed.,negative,negative,0.7465847730636597
last update problem when search number adults,negative,neutral,0.60125333070755
very good app very easy,positive,positive,0.9144247174263
it's good app and doesn't contain virus,positive,neutral,0.621893048286438
please add widgets for slack,positive,positive,0.6640167832374573
add hdr support for htc <number> please!,neutral,positive,0.6383256912231445
"suddenly it's killing all my trees it's was working perfectly, but now i keep getting a ""unknown app'",negative,neutral,0.6526216864585876
well <url> you need access to my files and my camera ? looks like an insecure joke. i 'll install once we are back to serious.,negative,neutral,0.5766421556472778
this app is <url> not as expected,negative,negative,0.5192687511444092
please add remind me option,neutral,positive,0.723666787147522
"original user interface, very usable.",positive,neutral,0.5711257457733154
i use this site for booking over night stays when going on holiday. good hotel and great staff.,positive,positive,0.9376505613327026
can't access my account,negative,negative,0.9503119587898254
very useful to find non-chain hotels--saving lots of money when all you need is a clean room and a servicable bed.,positive,positive,0.9160153269767761
"love it, something for almost every occasion!",positive,positive,0.9066699147224426
doesn't format text correctly,neutral,neutral,0.6531018018722534
"despite all these new pdf readers, this app provides very good benefits",positive,positive,0.82258141040802
love it but hate it,neutral,neutral,0.4363633990287781
great application. efficient way to browse and book accommodation.,neutral,positive,0.9343990087509155
great mutch eadier than website. quick and convenient,positive,positive,0.8893840312957764
excellent. not needing any permissions is cool.,neutral,positive,0.6457532048225403
"works pretty good, nice to finally have this on android.",positive,positive,0.8927640318870544
to boring and to many adds,negative,neutral,0.5588899850845337
reply from notification and remove bbm channels,neutral,neutral,0.4762394428253174
love the app but current temperature doesn't stay in the notification bar even though i have it set to go the settings. please fix. i have to constantly open the app for current temp.,positive,positive,0.5665463805198669
i like it . works great,neutral,positive,0.933343768119812
it's good for documents viewings and managing.,positive,positive,0.8759853839874268
it's good but not too much <url> it's working well,positive,neutral,0.6717254519462585
pic porn on ads,negative,negative,0.842779815196991
dope! i wish there was a batch deletion feature.,positive,negative,0.6656284928321838
"worked great for years but now it double posts everything i send on my chromebook. love it on every other <url> iphone, mac. i hope this is fixed in the next <url> !",neutral,positive,0.8646093010902405
"sering error, but it's fine. still working",positive,neutral,0.7407561540603638
full of bugs. i can claim the reward but my coins doesn't increase at all????,negative,negative,0.8336419463157654
reliable when signal is good,positive,positive,0.5749765038490295
love it and hate it.,neutral,negative,0.8807753920555115
would be good if you could delete after finished!,neutral,neutral,0.6450633406639099
works for me. only one i ever use.,positive,positive,0.8142201900482178
error <url> do not work. i'm having <number> . <number> . <number> <url> still not working .,negative,negative,0.9520053863525391
it is very good but it needs more options on the facial features and the body motifications,positive,positive,0.7550649046897888
takes up <number> percent of the <url> saves everything u <url> good for a <url> have motorola droid.,negative,neutral,0.7300615310668945
nice <url> was using this <url> information for news and latest updates,neutral,positive,0.7255944609642029
"the whitelist doesn't <url> no matter what i do, my tree dies.",neutral,negative,0.826710045337677
"good app, but lacking android wear (and thus pebble) support. i prefer google hangouts to slack because of this missing functionality.",neutral,neutral,0.713840126991272
great but too much phone access,neutral,positive,0.6097607612609863
if you can't offer better pricing you're useless,negative,negative,0.952515721321106
seriously your ad blocker never works everytime i go to movies site pop up ads pop ups every second very irritating don't <url> u will never get good surfing experience,negative,negative,0.8427443504333496
minimize category and bbm group user friendly,positive,positive,0.558892011642456
it doesn't save the last page you were on. it's annoying.,neutral,negative,0.4831949770450592
please add something which shows you how long you've worked for each day and maybe a graph for comparing different working times,neutral,positive,0.8183996081352234
not bad better than other,positive,neutral,0.6566994786262512
i like the radar and spark. i work outside so that helps. the temp though? <url> but i guess that's what you get when trying to predict the actions of the most volatile woman in existence. mother nature of course.,neutral,positive,0.880128800868988
why it is asking to download uc browser when i am going to download song and i don't want to download uc browser,negative,negative,0.7910121083259583
"awesome app!! it helps me a <url> i think it will be better if it had a <url> like we can time when it will start <url> sometimes i like to use my phone a lot. like before bed or using my phone at <url> smting like that. if you had the timer, we can set our work time so we would not play phones at certain <url> but still this app is great!!",positive,positive,0.8754147887229919
good app but <url>,neutral,neutral,0.6653566956520081
does the job it aims to do,neutral,positive,0.8469430208206177
ridiculous. why the hell i cannot move it to memory card?,negative,negative,0.9616245627403259
download error problem network gone after network connected again donwload doesn't resume,neutral,negative,0.8054846525192261
"i would give this app more stars if it weren't for the inability to get an overview of the total number of hours sunk into each tag rather than just a percentage, extend the amount of time you want on the fly and to filter by multiple tags vs either only one or all at the moment.",neutral,positive,0.6608074307441711
"its cool, i love it",neutral,positive,0.7882000803947449
warning. bad apps. this apps cheat ur money on cancelation,negative,negative,0.9681955575942993
please fix!! then <number> stars,negative,negative,0.5062592029571533
it's ok this apps,positive,neutral,0.7834198474884033
please add support for links inside pdf! great app but i really miss that feature!!,neutral,positive,0.8396751284599304
weatherbug was better <number> years back than it is now. i do not like the last few updates. the maps not as good especially showing cloud cover with storms or without. the layers is really sib par from the way it was. now for the last <number> days its shutting down for no reason,neutral,neutral,0.7448402047157288
uc helpful but it's have many bad <url>,positive,positive,0.5291798114776611
it tells me what i need to know,positive,positive,0.8395613431930542
addicted to phone? this is the app,positive,negative,0.95816969871521
works well but beware the enormous memory use for data. if this could be stored on sd card then i would give <number> stars. as it is may have to uninstall.,neutral,neutral,0.7035003304481506
nice app for viewing documents!!! have been using it since many years!,positive,positive,0.9073587656021118
doesn't have a logout option,positive,neutral,0.663352906703949
enlarge capacity for sending video,neutral,neutral,0.5210073590278625
"it needs to have color, hairstyles and have character friends we pick on the lists to be in emojis too. plus can we have clothes come from video games and movies. plz",positive,positive,0.6498836278915405
excellent considering all i want is pdf reader. but confused why such a basic thing like bookmarks is missing! the page nav good but never accurate,neutral,positive,0.6475627422332764
very funny! it crashes in my s <number> edge+,negative,negative,0.5218027234077454
cant book in alantic city nj,negative,negative,0.5319288969039917
learnt about it hope it is going to be <url>,neutral,positive,0.5149434208869934
i think it is cool because you can use it for anything and could make stories etc.,positive,positive,0.7744378447532654
"so powerful, yet so limited.",neutral,neutral,0.6644861698150635
i really like this app. have a lot of fun with it when i send text messages. haven't had any problems with it.,neutral,positive,0.9082137942314148
new icon is really lame. looks like google <url> hahaha. binit,negative,negative,0.9395453929901123
easy and convenient to use,positive,positive,0.9177129864692688
holy data <url> people please!,negative,negative,0.3801358640193939
screw you slack for arbitrarily forcing everyone on mobile to download this utterly superfluous client while your services run well in browser.,negative,negative,0.9654508233070374
sometime. . force close hard launch,neutral,neutral,0.672914981842041
"slow, and hang when zoom",negative,neutral,0.5242785811424255
"the app is really good. i find it really fun but i suggest that you guys add piercings, birthmarks, beauty marks and things like that, maybe even allow more then two bitmoji characters. other than that, the app is really good",positive,positive,0.8564561605453491
"would pay extra to get the ads to go away. otherwise, very good.",neutral,neutral,0.501400351524353
beware making fool and cheating beware,negative,negative,0.9632654786109924
what happened to the paid version?,negative,negative,0.8730354905128479
good <number> st version - htc one m <number>,positive,neutral,0.5854155421257019
great app use it to store music in,positive,positive,0.9206345081329346
"could use a bit of <url> other than that, great concept and idea!",neutral,positive,0.6730371117591858
more customizable than the other guy but not as complete as i'd like,positive,neutral,0.5916056632995605
"i always like this app since i used my old curve. but the ads kill me, hahahaha.",positive,neutral,0.5071955323219299
"what a crappy app. rim can do much betta than this. wanted to give it a zero star but that option ain't available, i wonder why.",negative,negative,0.9293801188468933
it's a good app . it saved my mobile from getting virus into my mobile,positive,positive,0.7671820521354675
it's really nice !!!,neutral,positive,0.8053568005561829
"the prices are super high. like,the great <url> a billionaire could pay, but they would be poor afterwards. don't use!",negative,negative,0.8717046976089478
"great local forecast, maybe because i live near their headquarters. it works great when i travels as well.",positive,positive,0.8852295875549316
not very compatible with pomodoro technique,neutral,neutral,0.7468761205673218
very useful and reliable app. documents are available offline which i find very convenient,positive,positive,0.9389955401420593
too many ads! hate it,negative,negative,0.9626809358596802
good but i don't like this app becouse of that annoying ads please remove this <url>,negative,neutral,0.6641842722892761
improve android app please,neutral,neutral,0.6194226145744324
not happy over my profile picture,neutral,negative,0.7719032168388367
foxit reader is more convenient,positive,neutral,0.5607268810272217
"cute, simple and motivating!",positive,positive,0.9164100885391235
good but could be better,positive,neutral,0.680713415145874
"one of the essential apps, but imperfectly realized in android",positive,neutral,0.557809591293335
like it but too much ads,positive,neutral,0.6773187518119812
still very lame. can't open pdfs that are image scans. cmon adobe. really?,negative,negative,0.8981074094772339
"after unable to launch get fixed in the update last night, all my past <number> days history is gone <url> all my lemon <url> this how the developer improve performance? very <url>",negative,negative,0.8136531114578247
you better call it off. useless.,negative,negative,0.9633656144142151
as good as the web version,positive,positive,0.5260850191116333
just updated bbm and all of my chat history disappeared! need a way to restore it. pls fix it.,neutral,negative,0.8198225498199463
<salutation> can't even open password protected files. waste of time and memory,negative,negative,0.9698176980018616
i dont understand this ap,neutral,negative,0.8854666352272034
its a very good app,positive,positive,0.8029505014419556
good website for hotels. plenty of options and many with free cancellation.,positive,positive,0.9061381220817566
bad very very bad. in all website you have ads <url> is <url> <url> bad things <url> <url>,negative,negative,0.9661128520965576
claims app <number> sd but <url> no option to move from phone to sd card. it's a <number> +mb app. htc di <number> . <number>,neutral,negative,0.7436157464981079
"unnecessary app, please kill it.",negative,negative,0.9450719356536865
my favorite way to communicate,positive,positive,0.8684654235839844
quickly opens up the pdf <url> and very user friendly,positive,positive,0.911346971988678
force closed after update,neutral,negative,0.9025170207023621
this app is nice for safe <url>,neutral,positive,0.5731557607650757
brings so much important info to my phone in an easy to use format.,positive,positive,0.9192039370536804
very nice and helpful app,positive,positive,0.9183810353279114
don't send fake news,neutral,negative,0.5880184173583984
it asks for login every time i start it and that is very annoying. on my ipad it does not behave that way.,neutral,negative,0.7108368277549744
update <url> bisa copy comment di picture group <url> info bagaimana cara copy coment nya?,negative,negative,0.45227593183517456
"good so far on phone, afraid to install on laptop, had a older version that wouldn't go away and had constant ads and pop-ups",positive,neutral,0.7302520275115967
this app is far too big.,negative,negative,0.7078004479408264
this is a good app,positive,positive,0.5190444588661194
"i'm heard about security concerns related to this browser, can u explain it?",neutral,neutral,0.5579968690872192
worst app in world,negative,negative,0.9676017761230469
i wish i could make funnies with my friends in them. not just in snapchat. otherwise a very fun app.,positive,positive,0.7495149970054626
its alright but got a long way to go to better repligo. need to be able to skip to chapters and double tap zoom should fit paragraph to screen width,neutral,neutral,0.7645300030708313
just missing an iphone feature.,positive,neutral,0.7995443940162659
not as good as on the blackberry phones doesn't show a red star to let you know you have an unread message unless you open the app,neutral,neutral,0.5434582233428955
excellent with some improvements,positive,positive,0.8917864561080933
add fonts and stuff,positive,positive,0.7890911102294922
please add some more features,positive,positive,0.6114424467086792
wish you could choose a friends to be part of the emoji,neutral,neutral,0.5367029905319214
this app is useless. if i hit the home button the app plays in the background of my phone without the tree dying. that literally defeats the entire purpose of the app,negative,negative,0.9676408171653748
now i accepted it,positive,neutral,0.4250704050064087
support for password protected documents.,neutral,positive,0.7350467443466187
discord came out and improved on slack in every way. there is no reason to use this trash anymore.,negative,negative,0.9483274817466736
not anymore waste of time,negative,negative,0.6619181632995605
not able to sign in,negative,negative,0.8993565440177917
edit: i found the lemons and how to kill trees,positive,neutral,0.533082127571106
always eror <url> this app,negative,neutral,0.3951657712459564
has too much space for ads. premium for login. there are more user friendly ways to monetize your app. the concept is ok but poorly executed,negative,neutral,0.6111419796943665
"since using a new update, my htc one x, always not <url>",negative,negative,0.672481119632721
wpupd give more stars if we could use this app on fb messenger,neutral,neutral,0.5639148354530334
"not more reliable as the desktop app, but it is enough to get by",neutral,neutral,0.7314485311508179
does not open all pdf files that you can open with adobe on the pc. uninstalled.,negative,negative,0.9583633542060852
"really bad. zoom removes text, outer viewmode locks scrolling etc etc",negative,negative,0.9564951658248901
i think the app is ment for book worms and book worms like me love it,neutral,positive,0.6680718660354614
chat app or ads app,negative,negative,0.8470881581306458
"good accuracy, clean look and good features.",positive,positive,0.9144500494003296
tree doesn't whether if i leave the app n play game this app sucks,negative,negative,0.9199235439300537
even worse than photoshop,negative,negative,0.8555845618247986
begging for bookmark and copy paste option <url>,neutral,negative,0.8045008778572083
forgets where i was when killed by the system,neutral,negative,0.6362287998199463
very good. am no lonnger using infinix <number> am using mi note and it is very difficut for me to update my mi note phone.,neutral,positive,0.6584964394569397
not easy to use,neutral,neutral,0.702225387096405
good app but huge filespace,neutral,positive,0.49977633357048035
no substitute for this great secure app for mobile communication in real time,positive,positive,0.8492457866668701
not for bald people,negative,neutral,0.6278548240661621
really useful app. totally enjoyed using it. i had downloaded this without many expectations but the simplicity and perfection that this app delivered totally blew me away. hats off to the developers !! keep up the great work !!,positive,positive,0.9115724563598633
"it's a good app overall, but the hourly forecast is totally unreliable. if the amatuers at weather underground can get it right <number> % of the time, why is weatherbug wrong <number> % of the time? c'mon folks, it's obviously do-able, so please try putting in the effort to get it right in the future (or at least check out the weather underground site and copy their work).",neutral,neutral,0.623947262763977
so so. like other apps in the play store. nothing special.,neutral,neutral,0.8148580193519592
the standard tool for exchanging documents online,positive,positive,0.8993167281150818
please fix some bug n i will give u <number> star,neutral,neutral,0.6035013794898987
great app over all,positive,positive,0.9076097011566162
the app is interactive and has all the required functions.,positive,positive,0.7452304363250732
it's ok but the follow me is crap,neutral,neutral,0.8260465264320374
update every <number> minutes,neutral,negative,0.5789948105812073
"i have installed and uninstalled repeated this several times, all it wants to do is update continuously. i can't use it at all.",negative,negative,0.9562969207763672
used battery most show identity,negative,negative,0.4986143410205841
should have more filtering options. should stop nagging for a review when you've already posted one.,neutral,neutral,0.8215315937995911
"after reservation want to add rooms but app just crash, keep loading",negative,negative,0.6420266628265381
lost in the translation,negative,negative,0.546412467956543
new version is much slower than the last. loading messages and channels feels sluggish and tedious.,negative,neutral,0.8076761960983276
where did the precipitation amounts go?,negative,neutral,0.564622700214386
"it's nice, but it would be great there'd be some piercings",positive,positive,0.5492672324180603
it's a good app,positive,positive,0.5479171872138977
good but could be better,positive,neutral,0.6807133555412292
last update hosed app,negative,negative,0.8379554748535156
"it keeps crashing. i like yet very annoying to keep <url> , weather stopped working.",neutral,neutral,0.5308020114898682
the app would be better if you let us use calculator and <url> bcoz sometimes while studying you have to google something <url> just a suggestion.,neutral,neutral,0.6311827301979065
"i love the amount of data and the warnings. however in the last <number> months the application has failed to work often at least once a day. if this issue could be solved, i would give the app <number> stars.",neutral,positive,0.8336115479469299
you just need to add box braids as a hairstyle,positive,positive,0.7424876689910889
its nice to receive anything,positive,positive,0.6943300366401672
this app is awful,negative,negative,0.9659852385520935
"bummer! now i am a former usser!!!! no-ads weatherbug, where are you? hello?",negative,negative,0.6702640056610107
good for an <url>,neutral,neutral,0.6180036067962646
this is very bad,neutral,negative,0.9590767621994019
doesnt work on the gs <number>,negative,negative,0.9575672745704651
too much ads not good for kids,neutral,neutral,0.6207179427146912
not working properly in android above <number> . <number>,positive,negative,0.929457426071167
slow sometimes especially during video and audio calls. the app just hangs and stops working.,positive,neutral,0.8017792105674744
if i could alter the apps appearance to allow for inverted colour schemes i would give it <number> stars other than that this is a brilliant app.,positive,positive,0.8691990375518799
one of the <signature>,neutral,positive,0.9152700901031494
"it's not working for me, i'm using samsung tab <number> mini, it's asking for confirmation of date of birth",negative,negative,0.8839277029037476
"i can use other app meanwhile timer is running , so no use waste app",negative,neutral,0.664330244064331
app is up to date and easy to read.,positive,positive,0.8881452083587646
"do not waste your time. if u think u can save the earth but no, you have to buy premium first to plant trees. absolute a waste timer",negative,negative,0.9648376107215881
sluggish compared to other pdf readers but renders well.,neutral,neutral,0.5900622606277466
"i don't need this, but i'm sure someone will need it.",positive,neutral,0.6118191480636597
"really fast, good and probably the <signature>",positive,positive,0.8850441575050354
"my team, tired of waiting for a department driven initiative for collaboration tools, decided to start using this for ourselves. it's been a great experience so far - quicker responses, easy file sharing, organising social outings and reaching out to the whole team at once etc. the <signature>",positive,positive,0.9362166523933411
bad uploaded pic display,negative,negative,0.9174059629440308
i like this app is very useful,neutral,positive,0.8729427456855774
"i was not able to open the app even after reinstalling it twice so instead i installed ""flip flop"" app which is also a similar app",negative,negative,0.5514951944351196
what's with all the new permissions?,negative,negative,0.79723060131073
the new automatic markdown feature sucks!!! and you cannot turn it off,negative,negative,0.9475528001785278
now it use very long time for export photo.,negative,positive,0.8906529545783997
can't import pictures,negative,neutral,0.49029791355133057
i love it but for some reason it doesn't work well on my samsung. if it worked better with my phone a higher rating,neutral,positive,0.7615618109703064
did more things to say and more holiday,neutral,positive,0.5605992078781128
can not open edited images on my galaxy note <number>,negative,neutral,0.6401863694190979
the confirmation details is not shown on <number> rd party screen. not useful if i have to inform <number> rd party of the confirmation details.,neutral,neutral,0.7782407999038696
never sends the correct emoji.,negative,negative,0.6110551357269287
please add save image setting,positive,neutral,0.6032259464263916
i cant run the app after new update!!!,neutral,negative,0.9615593552589417
ads thats the only thing spoiling this <url> bcz ads are source of income <url> lose this app the source ur getting ads,negative,negative,0.892137348651886
i have had this app for a while and it works really well,negative,positive,0.8589671850204468
mostly good except- sucks too much background data and not freindly to my battery . should shut itself down.,neutral,neutral,0.7800814509391785
"fairly accurate, wish the radar would update a little quicker",positive,positive,0.8810985684394836
what's up with it?,negative,negative,0.8415547013282776
up browser is <signature>,positive,positive,0.4863266348838806
nice app but i can't highlight my text i pressed that longer but it couldn't work please check this out,positive,neutral,0.5222389101982117
love it but the radar needs future time,positive,neutral,0.4727337956428528
itss ok but not good at <url>,neutral,neutral,0.8460158705711365
animation does not work. really disappointed. use everyday for work. moving on to the weather channel app. never fails.,negative,negative,0.9550459384918213
"maybe if the app followed material design guidelines, i would have rated it <number> stars. the controls are based on ios, so it's not easy to find your way, but overall it's a good photo app.",positive,neutral,0.5211511254310608
new layout v <number>,positive,neutral,0.5536741614341736
it does not install,positive,negative,0.9614058136940002
"its amazing app, but unfortunately after the new updation the app forced to close when importing a new photo. so please fix that bug immediately",positive,neutral,0.5025678873062134
try hotel tonight - $ <number> free,neutral,negative,0.5582813024520874
"it's like <number> stars for the app, <number> star for new booking assistant. god damn it, how the hell can i just answer the message i got from a property???!!! why do i need to see <number> questions of an assistant instead, that i can not delete and that just mess up all the dialog! hate it. really hate this feature! do like everything else though.",positive,negative,0.48655205965042114
been a good weather app for me! thumbs up!,positive,positive,0.7508031129837036
i guess it's <url>,positive,neutral,0.6826350092887878
loved it before update,neutral,negative,0.6532684564590454
it is good news app but some improvement required in spelling and language.,positive,positive,0.832991361618042
"as a frequent user , you should have few options as reward the client should choose between",positive,positive,0.5025923252105713
no bookmark or jump to <url> really annoying,negative,negative,0.5476046204566956
app is <url> service sucks,neutral,negative,0.701302170753479
i can't use web mobile in <url>,negative,negative,0.9029368162155151
the new button is super poopy.,negative,positive,0.5579134821891785
"i love it, but desperately needs to save last <url> and place within that <url> a bookmarking function!",neutral,positive,0.6664083003997803
"simple to use,in a straight forward easy to understand format. <signature>",positive,positive,0.919279932975769
i saw no last minute rates as promised on the description.,negative,neutral,0.6570047736167908
if you browse like i do this is a must have. i rated it <number> stars before but now it is becoming a mess. you are killing its reputation with ads. i must wait for few seconds advert to finish before browsing.,neutral,negative,0.9576230049133301
the drawer is old,negative,neutral,0.5879443883895874
what a great messanger. you make us who separated a kilometers away can gather in one place. keep <url>,positive,negative,0.8951865434646606
add text option please,neutral,positive,0.6576480269432068
new logo looks like swastika maybe next time dev team will worked on app ram usage?,negative,neutral,0.694114625453949
don't use. can't uninstall on tablet,neutral,negative,0.9407552480697632
fast but doesn't allow you to jump to pages no good for big ebooks,neutral,neutral,0.7395241856575012
how can i make a video call??,positive,neutral,0.498240202665329
easy to use and useful,positive,positive,0.9171099066734314
"i saw this app on engadget and was excited to try it. however, the hdr mode does not work on my phone. i have a samsung galaxy s <number> edge. it is listed as one of the phones that works but the option for hdr is not available on the drop-down menu.",neutral,neutral,0.7439155578613281
i was able to update and view my bookings very easily. very convenient.,positive,positive,0.9222645163536072
"it lost all my progress! i had the cat tree, octopus, etc",negative,negative,0.7879877090454102
best crashes ever!!!! worthless,negative,negative,0.9564980864524841
radar map never loads first try.,neutral,negative,0.8224090933799744
"simple to the massage, i like bbm,cause i can see when the massage have delivered n read .",positive,positive,0.9123769402503967
its <url> make something <url>,neutral,positive,0.4832707643508911
this is my favorite weather app to use. i've used it since i was a teenager. the only problem i have is that the hourly forecast is almost never right which is very inconvenient for me considering i work outside. on the bright side you can look at the radar and pretty much tell what what is gonna hit you.,neutral,positive,0.8395028710365295
cant connect to facebook,neutral,negative,0.8742206692695618
"i like it and think it's super cute and fun, but i wish it had more such as maybe tattoos or piercings and i wish you could create outfits instead of picking an outfit",positive,positive,0.8933438062667847
good for quick edits on the move,positive,positive,0.7126544117927551
why the almost daily updates?,neutral,neutral,0.6511152982711792
terrible. i don't need creative cloud!,negative,negative,0.9673508405685425
sign up form doesn't work and this app doesnt work without an adobe account so it was just a waste of time.,negative,negative,0.9690800905227661
love it but a problem?,positive,positive,0.6735825538635254
does what supposed to an as far as forcast go seems good,positive,neutral,0.6369208693504333
i can't import alot of my photos!,neutral,negative,0.7522090077400208
horrible pdf reader. there are much better alternatives.,negative,negative,0.9619436264038086
"it's great that it can read my truck's <number> , <number> page service manual right here on my phone; but i can't find anything if there is no search feature!!",neutral,positive,0.7396001815795898
it does logout of account after closing,positive,negative,0.6679427623748779
"love it. would be great if you could include options to dodge and burn images, too.",positive,positive,0.8757269978523254
i don't like that i can't attach to a text in gboard. i have to go through bitmoji to send in a text. it is easier to send in iphone and i can't do friendmojis,positive,neutral,0.7710040211677551
"does not work on the captivate at <url> very disapointed, it just says it has failed to read found files.",negative,negative,0.9500061273574829
it's an useful app,positive,positive,0.8243730068206787
is the white house in charge of it?,negative,negative,0.43660441040992737
weather automation doesn't work anymore so it's stupid,negative,negative,0.9419593811035156
some times its just boarding,neutral,neutral,0.7551178932189941
i deplore pdfs of all kinds. <url> the only thing that can read a pdf. but this app does <url> it still sux,negative,neutral,0.6315762400627136
installs another app without warning,negative,negative,0.9246883392333984
it's your app so you get to choose your logo. but this new one confusing my son that slack is a game and he is complaining i keep playing this game all the time but have no shame in denying his rights to play games eternally. ps: unable to view old items unless we pay is gross.,neutral,negative,0.691365659236908
"other parties doin better ""reader n even writer"" than adobe!",negative,neutral,0.658655047416687
takes too much time to load sometimes,positive,neutral,0.8352530002593994
it is an interesting app that uses a lot of memory. but great communication tool,neutral,positive,0.9033494591712952
it's amazing and faster then other <url>,neutral,positive,0.8858850002288818
best weather app out there until it stopped working. won't load anything now. please <url>,negative,neutral,0.5832791924476624
will be much better if it has read out <url>,positive,neutral,0.6350929737091064
good overall but seems to have an issue of being unavailable or offline when other weather apps are working just fine providing the same info. <url> radar,positive,positive,0.5064701437950134
does the camera support long exposure?,positive,neutral,0.5780051350593567
i enjoy using it. i just have to play with it more to get more experience,positive,positive,0.9083403944969177
it helps me a lot,positive,positive,0.8507396578788757
not bad at all. great improvement.,positive,positive,0.7933903932571411
plenty of unnessary ads,negative,neutral,0.6557788848876953
the news feed so annoying please avoid this type of <url> or add a button for stop news <url>,negative,neutral,0.6328262686729431
can be a bit complicated and in your face but it does a good job and is well supported by venues.,positive,positive,0.7819267511367798
i liked it. no reply on mobile though.,positive,neutral,0.7497374415397644
"works perfectly with snapchat, i hope soon it has more goth/alternative outfits and options for piercings and ear spacers. love the new hair options!",positive,positive,0.9330925345420837
"it used to be a <number> star app but not every time i try to open it it crashes, please fix this asap",negative,negative,0.6011157035827637
where's the support?,negative,neutral,0.47949546575546265
i think nice but mobile hang krta h,neutral,positive,0.6351087689399719
please add fonts in this app to write . <signature>,neutral,positive,0.5458193421363831
"worked once, then has never worked again.",negative,negative,0.857602059841156
fix the radar! what is taking so long? i'm very close to deleting this app for good. i doubt i'm alone!,negative,negative,0.6616570353507996
it is good aap for searching and downloading <url>,positive,positive,0.6588746905326843
while controlling shutter speed whole app is getting freezed.,neutral,negative,0.47857722640037537
"no full language support. what a shame, adobe.",negative,negative,0.9620219469070435
it's nice <url>,neutral,neutral,0.49641409516334534
"this app is not at all what i had expected. it is very hard to use. at the beggining, you get small info about one fature of the app. once you start to use it, the purpose just gets confusing, how does the tree grow? is the time a stopclock, a timer, im so confused! please improve this app to be more user friendly!",negative,negative,0.6758093237876892
lost status bar info,neutral,negative,0.5844119191169739
it was fine before i was forced to update.,neutral,neutral,0.5908787250518799
